Order_ID,Order_Date,Customer_Name,Product,Category,Quantity,Unit_Price,City,Payment_Mode
1001,2026-03-13,Santhosh Rao,Mouse,Accessories,2,1260,Kochi,Debit Card
1002,2026-03-29,Surya Rao,Speaker,Accessories,1,14526,Coimbatore,Debit Card
1003,2026-10-21,Kumar Krishnan,Monitor,Electronics,1,9685,Bangalore,UPI
1004,2026-02-18,Dinesh Nathan,Headphones,Accessories,1,5755,Thanjavur,Debit Card
1005,2026-05-11,Sanjay Nathan,Speaker,Accessories,1,2899,Coimbatore,Debit Card
1006,2026-11-12,Vijay Nathan,Headphones,Accessories,6,6593,Vijayawada,Credit Card
1007,2026-09-21,Santhosh Prasad,Printer,Electronics,2,29619,Mumbai,Cash
1008,2026-02-23,Vijay Shankar,Smartwatch,Electronics,1,6443,Tiruppur,Debit Card
1009,2026-07-21,Dinesh Shankar,SSD,Electronics,1,10373,Vijayawada,Cash
1010,2026-07-27,Rahul Raj,USB Hub,Accessories,5,1775,Kochi,UPI
1011,2026-06-06,,Headphones,Accessories,5,6059,Kochi,UPI
1012,2026-03-04,Arun Krishnan,Mouse,Accessories,6,1767,Thanjavur,UPI
1013,2026-08-19,Karthik Das,Monitor,Electronics,1,20666,Tiruppur,UPI
1014,2026-02-02,Dinesh Shankar,Mouse,Accessories,6,2263,Trichy,UPI
1015,2026-02-04,Rahul Reddy,Monitor,Electronics,2,27115,Chennai,UPI
1016,2026-10-10,Hari Prasad,USB Hub,Accessories,1,1528,Erode,Credit Card
1017,2026-02-21,Prakash Kumar,Speaker,Accessories,1,1863,Kochi,Debit Card
1018,2026-01-29,Prakash Rao,External Hard Disk,Electronics,2,12074,Hyderabad,Cash
1019,2026-02-14,Kumar Das,Mouse,Accessories,1,2219,Vijayawada,Debit Card
1020,2026-12-14,Surya Das,Keyboard,Accessories,2,2681,Erode,UPI
1021,2026-09-16,Sanjay Nathan,Laptop,Electronics,1,46306,Trichy,UPI
1022,2026-08-22,Arun Singh,Power Bank,Accessories,6,4548,Pondicherry,UPI
1023,2026-04-23,Ajay Babu,Power Bank,Accessories,3,4543,Vijayawada,Net Banking
1024,2026-04-11,Ravi Kumar,Smartwatch,Electronics,4,14149,Chennai,Net Banking
1025,2026-12-09,Kumar Reddy,Power Bank,Accessories,1,4897,Coimbatore,UPI
1026,2026-06-09,Dinesh Das,Laptop,Electronics,1,66556,Madurai,UPI
1027,2026-10-07,Bala Reddy,Smartwatch,Electronics,4,2702,Coimbatore,Debit Card
1028,2026-07-20,Mohan Kumar,Keyboard,Accessories,3,2630,Pondicherry,Debit Card
1029,2026-12-12,Vijay Singh,SSD,Electronics,1,4159,Mumbai,Credit Card
1030,2026-05-08,Ajay Kumar,Smartwatch,Electronics,4,4343,Trichy,Cash
1031,2026-10-25,Naveen Prasad,Laptop,Electronics,6,84384,Mumbai,UPI
1032,2026-10-31,Bala Shankar,Speaker,Accessories,6,12835,Vijayawada,Cash
1033,2026-05-27,Ajay Singh,Headphones,Accessories,4,11448,Mumbai,Credit Card
1034,2026-04-23,Sanjay Rao,Keyboard,Accessories,5,2396,Salem,Credit Card
1035,2026-04-09,Ravi Nathan,Monitor,Electronics,2,32829,Erode,UPI
1036,2026-06-10,Ravi Nathan,External Hard Disk,Electronics,1,16469,Hyderabad,UPI
1037,2026-07-14,Rahul Prasad,Headphones,Accessories,2,10919,Chennai,UPI
1038,2026-08-18,Hari Reddy,Webcam,Accessories,1,4946,Kochi,Debit Card
1039,2026-11-13,Arun Kumar,Monitor,Electronics,1,23636,Mumbai,Debit Card
1040,2026-01-06,Hari Raj,Laptop,Electronics,1,63589,Mumbai,Credit Card
1041,2026-04-05,Bala Raj,Headphones,Accessories,5,4620,Mumbai,Net Banking
1042,2026-05-08,Arun Singh,Smartwatch,Electronics,2,5475,Bangalore,Debit Card
1043,2026-06-23,Ravi Krishnan,USB Hub,Accessories,3,1069,Salem,UPI
1044,2026-09-30,Kumar Rao,USB Hub,Accessories,3,2186,Salem,Debit Card
1045,2026-01-13,Ravi Shankar,Power Bank,Accessories,3,3606,Pondicherry,Debit Card
1046,2026-09-21,Sanjay Kumar,Printer,Electronics,2,11780,Vijayawada,Credit Card
1047,2026-11-18,Santhosh Shankar,Webcam,Accessories,1,8114,Trichy,Debit Card
1048,2026-06-19,Bala Babu,Tablet,Electronics,6,34677,Madurai,UPI
1049,2026-04-13,Dinesh Raj,Power Bank,Accessories,2,3924,Hyderabad,Credit Card
1050,2026-05-24,Rahul Babu,Smartwatch,Electronics,1,9466,Kochi,Net Banking
1051,2026-12-12,Ramesh Das,Speaker,Accessories,1,5752,Coimbatore,UPI
1052,2026-05-09,Ajay Raj,External Hard Disk,Electronics,4,5650,Tiruppur,Cash
1053,2026-08-25,Mohan Nathan,USB Hub,Accessories,1,1619,Coimbatore,Debit Card
1054,2026-12-15,Karthik Reddy,SSD,Electronics,4,16491,Trichy,UPI
1055,2026-02-16,Hari Raj,Speaker,Accessories,1,14284,Chennai,UPI
1056,2026-12-07,Dinesh Das,External Hard Disk,Electronics,2,17240,,UPI
1057,2026-11-21,Manoj Reddy,External Hard Disk,Electronics,2,14762,Hyderabad,UPI
1058,2026-11-21,Arun Krishnan,USB Hub,Accessories,1,2989,Kochi,UPI
1059,2026-06-27,Sanjay Krishnan,Monitor,Electronics,4,24347,Mumbai,Debit Card
1060,2026-03-06,Karthik Singh,Laptop,Electronics,1,73074,Chennai,Debit Card
1061,2026-08-03,Naveen Singh,Power Bank,Accessories,1,3346,Chennai,Debit Card
1062,2026-07-15,Ajay Prasad,SSD,Electronics,1,11806,Tiruppur,Debit Card
1063,2026-12-23,Vijay Das,SSD,Electronics,5,11087,Erode,Debit Card
1064,2026-04-06,Mohan Babu,Tablet,Electronics,1,29506,Salem,Credit Card
1065,2026-08-05,Vignesh Prasad,Headphones,Accessories,1,4966,Mumbai,UPI
1066,2026-12-08,Sanjay Nathan,Laptop,Electronics,1,59397,Kochi,Cash
1067,2026-03-17,Ajay Singh,Laptop,Electronics,2,61779,Erode,UPI
1068,2026-03-10,Santhosh Raj,External Hard Disk,Electronics,2,9446,Mumbai,Debit Card
1069,2026-02-08,Mohan Nathan,Smartwatch,Electronics,2,10151,Kochi,Cash
1070,2026-08-03,Karthik Singh,Speaker,Accessories,4,7541,Kochi,UPI
1071,2026-09-10,Dinesh Kumar,Smartphone,Electronics,6,38625,Madurai,UPI
1072,2026-10-10,Ajay Shankar,SSD,Electronics,5,9813,Tiruppur,UPI
1073,2026-12-31,Ramesh Krishnan,SSD,Electronics,2,9041,Chennai,Cash
1074,2026-10-19,Vignesh Babu,Laptop,Electronics,4,82080,Madurai,Credit Card
1075,2026-01-19,Manoj Das,Tablet,Electronics,3,38790,Trichy,UPI
1076,2026-11-13,Sanjay Krishnan,SSD,Electronics,1,12935,Erode,Credit Card
1077,2026-04-27,Arun Reddy,Tablet,Electronics,6,40016,Madurai,Credit Card
1078,2026-06-13,Surya Raj,SSD,Electronics,2,7675,Mumbai,Debit Card
1079,2026-01-14,Ajay Kumar,Printer,Electronics,1,13190,Chennai,Debit Card
1080,2026-08-12,Surya Das,Keyboard,Accessories,1,3403,Salem,UPI
1081,2026-05-16,Vijay Das,Monitor,Electronics,2,17337,Tiruppur,UPI
1082,2026-07-31,Bala Nathan,Webcam,Accessories,2,6335,Kochi,Debit Card
1083,2026-09-13,Suresh Shankar,SSD,Electronics,1,6824,Coimbatore,Debit Card
1084,2026-04-29,Vignesh Raj,Smartphone,Electronics,5,38793,Salem,UPI
1085,2026-09-24,Santhosh Kumar,Laptop,Electronics,1,53415,Coimbatore,Credit Card
1086,2026-04-08,Bala Kumar,Printer,Electronics,3,13970,Erode,UPI
1087,2026-12-17,Bala Raj,Laptop,Electronics,2,74189,Coimbatore,Net Banking
1088,2026-03-24,Karthik Das,Headphones,Accessories,4,8340,Chennai,UPI
1089,2026-10-15,Vignesh Babu,Printer,Electronics,1,19338,Bangalore,UPI
1090,2026-04-28,Kumar Reddy,Monitor,Electronics,4,22489,Mumbai,Debit Card
1091,2026-08-10,Dinesh Raj,Webcam,Accessories,1,2577,Thanjavur,UPI
1092,2026-03-16,Hari Shankar,USB Hub,Accessories,4,1752,Mumbai,Cash
1093,2026-12-04,Naveen Shankar,Webcam,Accessories,1,8449,Vijayawada,Debit Card
1094,2026-12-01,Suresh Kumar,Tablet,Electronics,1,29715,Pondicherry,UPI
1095,2026-05-18,Karthik Babu,Speaker,Accessories,1,11320,Salem,Credit Card
1096,2026-02-22,Kumar Reddy,Laptop,Electronics,2,81932,Bangalore,UPI
1097,2026-01-08,Mohan Rao,Power Bank,Accessories,1,1560,Hyderabad,UPI
1098,2026-04-03,Ravi Rao,Monitor,Electronics,6,26271,Bangalore,Debit Card
1099,2026-11-13,Naveen Das,Tablet,Electronics,1,33508,Madurai,UPI
1100,2026-02-15,Dinesh Das,Laptop,Electronics,2,84144,Bangalore,UPI
1101,2026-08-02,Santhosh Nathan,Speaker,Accessories,6,7937,Salem,Credit Card
1102,2026-01-08,Vijay Kumar,USB Hub,Accessories,1,1549,Chennai,Debit Card
1103,2026-01-28,Hari Das,Smartwatch,Electronics,5,15513,Trichy,Debit Card
1104,2026-08-26,Ravi Prasad,Smartphone,Electronics,5,20126,Thanjavur,Debit Card
1105,2026-01-15,Suresh Singh,SSD,Electronics,1,11173,Erode,Credit Card
1106,2026-03-27,Bala Prasad,Webcam,Accessories,4,3476,Tiruppur,Debit Card
1107,2026-03-09,Sanjay Nathan,Printer,Electronics,1,10596,Tiruppur,Credit Card
1108,2026-02-03,Vijay Reddy,SSD,Electronics,1,13850,Salem,Debit Card
1109,2026-06-29,Karthik Reddy,Webcam,Accessories,1,3972,Tiruppur,Debit Card
1110,2026-08-17,Vignesh Reddy,Power Bank,Accessories,5,3162,Erode,UPI
1111,2026-04-22,Suresh Prasad,Keyboard,Accessories,2,2433,Hyderabad,Credit Card
1112,2026-08-31,Ajay Prasad,External Hard Disk,Electronics,5,15562,Salem,Debit Card
1113,2026-01-04,Sanjay Rao,Monitor,Electronics,3,31873,Madurai,Net Banking
1114,2026-01-26,Kumar Rao,External Hard Disk,Electronics,5,17734,Mumbai,Credit Card
1115,2026-07-31,Vijay Singh,Headphones,Accessories,3,10533,Chennai,Credit Card
1116,2026-10-20,Hari Reddy,Webcam,Accessories,1,7733,Vijayawada,UPI
1117,2026-01-10,Suresh Shankar,Smartwatch,Electronics,1,6244,Coimbatore,UPI
1118,2026-03-25,Rahul Shankar,Webcam,Accessories,1,3560,Chennai,UPI
1119,2026-02-07,Surya Krishnan,Printer,Electronics,1,26208,Trichy,Credit Card
1120,2026-11-30,Dinesh Shankar,USB Hub,Accessories,1,2104,Coimbatore,Credit Card
1121,2026-01-01,Ravi Singh,Printer,Electronics,0,26019,Salem,Credit Card
1122,2026-06-14,Ravi Raj,Webcam,Accessories,5,7913,Coimbatore,UPI
1123,2026-03-30,Vignesh Das,External Hard Disk,Electronics,2,5100,Bangalore,Credit Card
1124,2026-12-19,Ramesh Reddy,Mouse,Accessories,5,3247,Trichy,UPI
1125,2026-11-05,Arun Prasad,Laptop,Electronics,6,47192,Salem,UPI
1126,2026-06-28,Suresh Singh,Mouse,Accessories,1,597,Salem,Debit Card
1127,2026-06-06,Prakash Rao,Smartwatch,Electronics,1,12727,Madurai,Credit Card
1128,2026-03-27,Arun Babu,SSD,Electronics,2,4450,Bangalore,Credit Card
1129,2026-12-31,Vignesh Babu,Power Bank,Accessories,1,3653,Salem,Debit Card
1130,2026-04-05,Vijay Shankar,USB Hub,Accessories,5,2594,Mumbai,Debit Card
1131,2026-12-26,Surya Das,Smartwatch,Electronics,2,8279,Madurai,UPI
1132,2026-04-21,Naveen Nathan,Mouse,Accessories,5,3405,Salem,Credit Card
1133,2026-04-02,Rahul Das,Webcam,Accessories,2,5376,Tiruppur,UPI
1134,2026-09-14,Surya Prasad,Tablet,Electronics,5,15368,Vijayawada,UPI
1135,2026-02-24,Arun Reddy,Speaker,Accessories,2,10397,Mumbai,Debit Card
1136,2026-11-09,Ajay Das,Headphones,Accessories,6,10724,Coimbatore,Debit Card
1137,2026-07-29,Kumar Prasad,Tablet,Electronics,2,19973,Thanjavur,Credit Card
1138,2026-12-10,Sanjay Reddy,Laptop,Electronics,1,46990,Chennai,UPI
1139,2026-02-18,Naveen Raj,USB Hub,Accessories,3,2703,Trichy,Net Banking
1140,2026-11-23,Rahul Kumar,Printer,Electronics,1,11243,Chennai,UPI
1141,2026-10-13,Ramesh Kumar,External Hard Disk,Electronics,4,6982,Salem,Debit Card
1142,2026-08-10,Bala Shankar,Laptop,Electronics,1,73865,Madurai,Credit Card
1143,2026-10-15,Prakash Singh,Smartwatch,Electronics,1,5835,Tiruppur,UPI
1144,2026-02-24,Arun Prasad,External Hard Disk,Electronics,1,7951,Pondicherry,Credit Card
1145,2026-09-12,Ravi Krishnan,Mouse,Accessories,5,1232,Kochi,Debit Card
1146,2026-04-02,Ramesh Kumar,Printer,Electronics,2,13722,Salem,UPI
1147,2026-06-14,Surya Babu,Monitor,Electronics,5,23149,Madurai,UPI
1148,2026-11-26,Naveen Prasad,USB Hub,Accessories,4,1443,Trichy,Credit Card
1149,2026-10-12,Ramesh Babu,Headphones,Accessories,1,4895,Pondicherry,Credit Card
1150,2026-07-14,Surya Das,Laptop,Electronics,2,67419,Trichy,UPI
1151,2026-08-14,Suresh Nathan,Smartwatch,Electronics,2,3304,Coimbatore,UPI
1152,2026-06-07,Bala Das,Smartwatch,Electronics,3,3887,Salem,Net Banking
1153,2026-08-25,Ajay Krishnan,Mouse,Accessories,1,2973,Erode,UPI
1154,2026-01-29,Vijay Das,Keyboard,Accessories,3,3241,Kochi,Debit Card
1155,2026-02-10,Manoj Babu,Headphones,Accessories,3,11567,Madurai,UPI
1156,2026-04-27,Dinesh Prasad,Headphones,Accessories,6,8341,Tiruppur,UPI
1157,2026-09-25,Rahul Shankar,Power Bank,Accessories,6,1445,Kochi,Debit Card
1158,2026-11-06,Hari Shankar,Mouse,Accessories,1,3369,Thanjavur,UPI
1159,2026-01-11,Surya Krishnan,Headphones,Accessories,2,6690,Hyderabad,Credit Card
1160,2026-04-21,Kumar Prasad,Mouse,Accessories,5,1650,Salem,Cash
1161,2026-08-15,Vijay Babu,Headphones,Accessories,5,6608,Hyderabad,UPI
1162,2026-03-14,Kumar Raj,External Hard Disk,Electronics,1,4653,Erode,UPI
1163,2026-02-11,Surya Krishnan,Laptop,Electronics,6,45060,Erode,UPI
1164,2026-04-12,Dinesh Singh,Tablet,Electronics,1,32587,Bangalore,UPI
1165,2026-02-26,Bala Das,Headphones,Accessories,1,4204,Trichy,Debit Card
1166,2026-03-22,Rahul Raj,Webcam,Accessories,5,1838,Trichy,Credit Card
1167,2026-02-16,Ajay Das,Keyboard,Accessories,5,4426,Tiruppur,Debit Card
1168,2026-01-07,Prakash Raj,Laptop,Electronics,4,67297,Erode,UPI
1169,2026-04-13,Naveen Babu,Monitor,Electronics,1,17018,Chennai,Debit Card
1170,2026-05-11,Vignesh Shankar,Monitor,Electronics,1,10667,Coimbatore,Debit Card
1171,2026-01-15,Dinesh Prasad,Speaker,Accessories,4,8126,Salem,Debit Card
1172,2026-06-10,Vignesh Shankar,SSD,Electronics,3,4420,Kochi,Debit Card
1173,2026-02-03,Ravi Das,External Hard Disk,Electronics,1,13002,Vijayawada,UPI
1174,2026-02-08,Ravi Rao,SSD,Electronics,1,17419,Vijayawada,UPI
1175,2026-09-29,Dinesh Nathan,External Hard Disk,Electronics,1,17264,Salem,UPI
1176,2026-03-06,Sanjay Raj,Printer,Electronics,6,10430,Vijayawada,UPI
1177,2026-10-20,Vijay Shankar,SSD,Electronics,5,5533,Erode,UPI
1178,2026-12-10,Bala Nathan,Headphones,Accessories,6,5694,Hyderabad,UPI
1179,2026-07-17,Karthik Rao,Speaker,Accessories,2,11300,Trichy,Credit Card
1180,2026-06-02,Vignesh Shankar,External Hard Disk,Electronics,5,12702,Trichy,Net Banking
1181,2026-04-17,Ramesh Das,Power Bank,Accessories,5,1684,Bangalore,UPI
1182,2026-09-19,Ravi Krishnan,Printer,Electronics,1,17745,Coimbatore,UPI
1183,2026-08-29,Ravi Babu,USB Hub,Accessories,4,2044,Kochi,UPI
1184,2026-01-03,Bala Krishnan,Tablet,Electronics,1,37425,Mumbai,UPI
1185,2026-04-08,Vijay Raj,Monitor,Electronics,6,34952,Thanjavur,Credit Card
1186,2026-01-09,Kumar Das,Tablet,Electronics,6,29602,Salem,Cash
1187,2026-11-24,Santhosh Reddy,Power Bank,Accessories,1,1783,Thanjavur,Credit Card
1188,2026-03-22,Karthik Raj,Speaker,Accessories,1,13741,Bangalore,Debit Card
1189,2026-02-09,Ravi Krishnan,External Hard Disk,Electronics,1,7245,Bangalore,Debit Card
1190,2026-04-02,Ramesh Krishnan,SSD,Electronics,1,12977,Chennai,UPI
1191,2026-07-07,Vijay Rao,Printer,Electronics,6,20481,Trichy,Cash
1192,2026-06-09,Manoj Das,SSD,Electronics,6,8650,Thanjavur,UPI
1193,2026-08-12,Kumar Prasad,Mouse,Accessories,1,2803,Kochi,Debit Card
1194,2026-07-07,Rahul Shankar,Laptop,Electronics,6,79832,Salem,Credit Card
1195,2026-08-12,Manoj Nathan,Keyboard,Accessories,1,4226,Bangalore,UPI
1196,2026-12-18,Vijay Babu,Webcam,Accessories,2,6584,Hyderabad,UPI
1197,2026-07-12,Bala Das,Power Bank,Accessories,1,1717,Madurai,Debit Card
1198,2026-09-08,Hari Babu,Power Bank,Accessories,1,3153,Mumbai,Debit Card
1199,2026-05-14,Surya Kumar,Webcam,Accessories,4,9720,Mumbai,UPI
1200,2026-04-09,Kumar Babu,Mouse,Accessories,1,1853,Kochi,Credit Card
1201,2026-10-15,Surya Babu,USB Hub,Accessories,4,2704,Bangalore,Credit Card
1202,2026-08-24,Ravi Kumar,Smartwatch,Electronics,3,14222,Salem,UPI
1203,2026-09-14,Suresh Singh,Headphones,Accessories,2,5379,Tiruppur,Cash
1204,2026-10-08,Ravi Kumar,USB Hub,Accessories,1,2480,Salem,UPI
1205,2026-05-25,Hari Nathan,USB Hub,Accessories,5,1583,Kochi,Credit Card
1206,2026-12-15,Prakash Singh,USB Hub,Accessories,1,2535,Pondicherry,UPI
1207,2026-08-10,Santhosh Nathan,Webcam,Accessories,1,9225,Vijayawada,Debit Card
1208,2026-11-15,Ajay Reddy,External Hard Disk,Electronics,2,6263,Madurai,Debit Card
1209,2026-03-05,Rahul Rao,Headphones,Accessories,1,6663,Kochi,UPI
1210,2026-02-01,Naveen Reddy,Headphones,Accessories,1,11405,Thanjavur,Debit Card
1211,2026-06-28,Surya Reddy,Laptop,Electronics,3,75087,Salem,UPI
1212,2026-03-27,Santhosh Reddy,Webcam,Accessories,6,4617,Pondicherry,Credit Card
1213,2026-01-02,Naveen Kumar,Speaker,Accessories,5,7047,Chennai,UPI
1214,2026-04-13,Sanjay Das,SSD,Electronics,1,10232,Bangalore,Net Banking
1215,2026-11-01,Kumar Das,Speaker,Accessories,1,13430,Salem,Debit Card
1216,2026-12-25,Suresh Nathan,Tablet,Electronics,3,30440,Erode,Credit Card
1217,2026-01-07,Sanjay Rao,Monitor,Electronics,5,34289,Thanjavur,Cash
1218,2026-07-07,Ravi Nathan,Smartwatch,Electronics,3,14077,Tiruppur,UPI
1219,2026-10-28,Dinesh Nathan,Smartphone,Electronics,3,22179,Mumbai,UPI
1220,2026-11-05,Rahul Prasad,Mouse,Accessories,2,1084,Trichy,UPI
1221,2026-02-06,Ramesh Reddy,Webcam,Accessories,1,-500,Salem,Net Banking
1222,2026-11-28,Santhosh Kumar,Tablet,Electronics,1,40706,Chennai,Credit Card
1223,2026-08-08,Karthik Babu,USB Hub,Accessories,5,903,Pondicherry,Credit Card
1224,2026-09-07,Ramesh Nathan,Webcam,Accessories,5,3212,Coimbatore,UPI
1225,2026-09-19,Kumar Babu,Smartwatch,Electronics,1,13074,Trichy,UPI
1226,2026-08-25,Dinesh Singh,Tablet,Electronics,3,33116,Bangalore,Debit Card
1227,2026-08-28,Rahul Babu,USB Hub,Accessories,1,1293,Vijayawada,UPI
1228,2026-02-10,Karthik Raj,Webcam,Accessories,1,1874,Vijayawada,UPI
1229,2026-08-19,Sanjay Shankar,SSD,Electronics,5,5778,Madurai,Debit Card
1230,2026-09-18,Ravi Raj,Printer,Electronics,6,9113,Chennai,Credit Card
1231,2026-01-10,Santhosh Rao,Monitor,Electronics,2,20588,Mumbai,UPI
1232,2026-09-21,Karthik Babu,Speaker,Accessories,6,10472,Thanjavur,Cash
1233,2026-06-24,Surya Raj,Printer,Electronics,3,13099,Coimbatore,Debit Card
1234,2026-06-05,Dinesh Krishnan,Laptop,Electronics,1,54847,Madurai,UPI
1235,2026-10-20,Hari Shankar,SSD,Electronics,2,7453,Hyderabad,UPI
1236,2026-09-02,Suresh Raj,Laptop,Electronics,4,46058,Thanjavur,UPI
1237,2026-10-03,Dinesh Das,Laptop,Electronics,1,78997,Coimbatore,Debit Card
1238,2026-06-27,Prakash Krishnan,Power Bank,Accessories,1,4668,Trichy,Debit Card
1239,2026-12-02,Vignesh Babu,Smartwatch,Electronics,4,9027,Bangalore,UPI
1240,2026-09-21,Arun Prasad,Mouse,Accessories,5,2433,Kochi,UPI
1241,2026-11-07,Kumar Kumar,Headphones,Accessories,3,2398,Trichy,Cash
1242,2026-05-16,Bala Das,Speaker,Accessories,1,13241,Salem,Credit Card
1243,2026-10-31,Ramesh Raj,Power Bank,Accessories,5,3872,Coimbatore,Debit Card
1244,2026-06-10,Suresh Nathan,External Hard Disk,Electronics,1,9605,Erode,Net Banking
1245,2026-11-20,Vignesh Nathan,SSD,Electronics,6,7328,Bangalore,UPI
1246,2026-03-23,Ramesh Reddy,External Hard Disk,Electronics,2,14329,Kochi,Credit Card
1247,2026-08-01,Prakash Nathan,Tablet,Electronics,1,13367,Chennai,UPI
1248,2026-08-12,Arun Kumar,Mouse,Accessories,2,3275,Chennai,UPI
1249,2026-09-22,Hari Das,Keyboard,Accessories,1,3715,Mumbai,Debit Card
1250,2026-10-31,Dinesh Raj,Monitor,Electronics,1,18693,Coimbatore,UPI
1251,2026-12-30,Hari Shankar,Smartwatch,Electronics,4,7945,Thanjavur,Debit Card
1252,2026-05-04,Mohan Raj,Headphones,Accessories,4,10406,Erode,Debit Card
1253,2026-10-02,Vignesh Reddy,Tablet,Electronics,2,25076,Bangalore,UPI
1254,2026-06-06,Hari Rao,Smartwatch,Electronics,2,14327,Pondicherry,Debit Card
1255,2026-03-18,Kumar Kumar,Speaker,Accessories,2,10873,Hyderabad,Credit Card
1256,2026-06-08,Manoj Prasad,External Hard Disk,Electronics,4,15871,Trichy,UPI
1257,2026-09-20,Sanjay Babu,Laptop,Electronics,5,69611,Madurai,Debit Card
1258,2026-01-09,Ajay Das,Monitor,Electronics,4,31669,Tiruppur,UPI
1259,2026-06-03,Mohan Kumar,Printer,Electronics,5,13295,Thanjavur,Credit Card
1260,2026-12-11,Prakash Das,Smartphone,Electronics,5,51451,Bangalore,Credit Card
1261,2026-06-24,Naveen Raj,Speaker,Accessories,1,10654,Chennai,Credit Card
1262,2026-10-20,Bala Reddy,Smartphone,Electronics,1,32014,Mumbai,Debit Card
1263,2026-09-11,Vignesh Nathan,Power Bank,Accessories,6,3437,Erode,Net Banking
1264,2026-05-05,Manoj Reddy,Tablet,Electronics,4,40482,Trichy,Credit Card
1265,2026-03-09,Hari Singh,Power Bank,Accessories,4,4151,Tiruppur,UPI
1266,2026-06-13,Karthik Kumar,Mouse,Accessories,2,1143,Mumbai,UPI
1267,2026-09-26,Prakash Babu,Laptop,Electronics,3,47472,Chennai,Credit Card
1268,2026-07-19,Rahul Reddy,Webcam,Accessories,2,3975,Bangalore,Debit Card
1269,2026-04-12,Dinesh Shankar,Webcam,Accessories,1,6749,Chennai,Net Banking
1270,2026-02-05,Dinesh Das,Mouse,Accessories,2,1061,Coimbatore,UPI
1271,2026-06-07,Mohan Das,USB Hub,Accessories,6,810,Erode,Credit Card
1272,2026-05-24,Sanjay Singh,Webcam,Accessories,1,5219,Vijayawada,UPI
1273,2026-12-30,Rahul Krishnan,Webcam,Accessories,1,7599,Chennai,Credit Card
1274,2026-08-19,Naveen Krishnan,Headphones,Accessories,2,5237,Chennai,Debit Card
1275,2026-05-31,Hari Babu,Webcam,Accessories,3,4285,Bangalore,UPI
1276,2026-11-27,Ajay Kumar,Printer,Electronics,2,9817,Mumbai,UPI
1277,2026-05-23,Suresh Singh,Mouse,Accessories,2,710,Madurai,Debit Card
1278,2026-10-18,Suresh Shankar,Smartwatch,Electronics,1,14829,Vijayawada,Credit Card
1279,2026-01-14,Mohan Prasad,External Hard Disk,Electronics,3,7638,Erode,UPI
1280,2026-07-25,Ravi Shankar,Tablet,Electronics,1,32609,Hyderabad,Debit Card
1281,2026-04-05,Arun Babu,Speaker,Accessories,6,11177,Vijayawada,UPI
1282,2026-01-25,Ravi Nathan,Keyboard,Accessories,2,3646,Kochi,UPI
1283,2026-03-20,Vijay Nathan,Monitor,Electronics,2,15137,Hyderabad,UPI
1284,2026-09-11,Suresh Rao,Webcam,Accessories,2,7277,Bangalore,Debit Card
1285,2026-09-23,Ramesh Shankar,Tablet,Electronics,1,25828,Erode,UPI
1286,2026-03-24,Santhosh Nathan,Power Bank,Accessories,1,2750,Erode,UPI
1287,2026-09-17,Mohan Kumar,Printer,Electronics,1,13406,Hyderabad,Net Banking
1288,2026-05-04,Sanjay Babu,Laptop,Electronics,2,46382,Madurai,UPI
1289,2026-06-04,Ravi Prasad,USB Hub,Accessories,2,2097,Pondicherry,Debit Card
1290,2026-03-03,Karthik Prasad,Mouse,Accessories,2,2444,Thanjavur,UPI
1291,2026-08-30,Arun Raj,Keyboard,Accessories,2,1600,Kochi,Net Banking
1292,2026-07-07,Vijay Kumar,Smartphone,Electronics,2,15671,Thanjavur,Debit Card
1293,2026-02-21,Vijay Shankar,Smartwatch,Electronics,4,15416,Pondicherry,Debit Card
1294,2026-02-11,Sanjay Reddy,Tablet,Electronics,6,40380,Coimbatore,Cash
1295,2026-05-09,Bala Krishnan,Laptop,Electronics,6,75911,Bangalore,UPI
1296,2026-08-20,Naveen Das,SSD,Electronics,1,10677,Coimbatore,Credit Card
1297,2026-03-20,Rahul Kumar,Mouse,Accessories,1,1175,Chennai,UPI
1298,2026-03-28,Dinesh Kumar,Monitor,Electronics,1,22916,Coimbatore,UPI
1299,2026-06-01,Vignesh Singh,Monitor,Electronics,6,11456,Chennai,Cash
1300,2026-05-19,Hari Babu,Headphones,Accessories,5,11342,Hyderabad,Credit Card
1301,2026-09-18,Ramesh Rao,Mouse,Accessories,1,2987,Coimbatore,Debit Card
1302,2026-08-11,Mohan Kumar,Monitor,Electronics,3,21279,Salem,Credit Card
1303,2026-02-18,Santhosh Shankar,Printer,Electronics,6,26393,Hyderabad,Debit Card
1304,2026-05-29,Naveen Das,External Hard Disk,Electronics,6,14908,Hyderabad,UPI
1305,2026-06-09,Vignesh Raj,Monitor,Electronics,1,34997,Pondicherry,UPI
1306,2026-06-02,Naveen Prasad,Speaker,Accessories,1,10127,Salem,UPI
1307,2026-06-21,Sanjay Raj,Webcam,Accessories,6,3961,Mumbai,Cash
1308,2026-09-25,Prakash Kumar,Monitor,Electronics,2,20258,Erode,Debit Card
1309,2026-05-31,Rahul Prasad,Headphones,Accessories,2,1501,Pondicherry,UPI
1310,2026-09-15,Vignesh Shankar,Keyboard,Accessories,3,2068,Kochi,Debit Card
1311,2026-03-29,Santhosh Singh,Smartwatch,Electronics,1,14370,Pondicherry,Credit Card
1312,2026-01-03,Arun Krishnan,Power Bank,Accessories,2,2524,Madurai,Debit Card
1313,2026-05-08,Santhosh Nathan,SSD,Electronics,4,9751,Coimbatore,UPI
1314,2026-01-03,Dinesh Raj,Speaker,Accessories,5,7272,Chennai,UPI
1315,2026-10-29,Manoj Raj,Tablet,Electronics,1,14520,Trichy,Debit Card
1316,2026-03-27,Vignesh Nathan,Smartphone,Electronics,6,17159,Tiruppur,Credit Card
1317,2026-01-20,Kumar Raj,Keyboard,Accessories,1,1737,Thanjavur,Credit Card
1318,2026-07-05,Ramesh Raj,USB Hub,Accessories,4,1593,Hyderabad,UPI
1319,2026-10-20,Ravi Das,Smartwatch,Electronics,2,4429,Madurai,UPI
1320,2026-07-07,Suresh Babu,Monitor,Electronics,4,22537,Erode,UPI
1321,2026-08-04,Hari Singh,Laptop,Electronics,4,47563,Coimbatore,Debit Card
1322,2026-06-08,Kumar Shankar,Mouse,Accessories,2,3347,Pondicherry,Credit Card
1323,2026-04-27,Vignesh Das,Laptop,Electronics,1,57693,Hyderabad,Debit Card
1324,2026-05-26,Bala Prasad,SSD,Electronics,2,8969,Hyderabad,UPI
1325,2026-07-17,Vignesh Kumar,Webcam,Accessories,6,2519,Hyderabad,Debit Card
1326,2026-12-25,Hari Rao,USB Hub,Accessories,3,2082,Erode,Cash
1327,2026-09-16,Manoj Shankar,Headphones,Accessories,6,9891,Kochi,Credit Card
1328,2026-12-31,Bala Rao,External Hard Disk,Electronics,3,7257,Mumbai,Cash
1329,2026-12-15,Ramesh Raj,Speaker,Accessories,1,6017,Coimbatore,Debit Card
1330,2026-09-17,Suresh Das,Headphones,Accessories,2,11795,Vijayawada,Credit Card
1331,2026-10-24,Vijay Reddy,Smartphone,Electronics,1,44312,Madurai,UPI
1332,2026-02-05,Sanjay Krishnan,Webcam,Accessories,6,9210,Coimbatore,UPI
1333,2026-08-08,Ravi Prasad,Webcam,Accessories,3,6498,Vijayawada,UPI
1334,2026-10-28,Suresh Nathan,Keyboard,Accessories,6,904,Hyderabad,UPI
1335,2026-01-21,Surya Nathan,Smartwatch,Electronics,1,4797,Hyderabad,UPI
1336,2026-06-09,Santhosh Shankar,Power Bank,Accessories,4,3941,Salem,Debit Card
1337,2026-05-22,Dinesh Krishnan,Monitor,Electronics,4,25833,Erode,Debit Card
1338,2026-11-01,Karthik Krishnan,Headphones,Accessories,1,4870,Mumbai,UPI
1339,2026-06-27,Ajay Kumar,Headphones,Accessories,6,7788,Coimbatore,UPI
1340,2026-06-01,Arun Kumar,Speaker,Accessories,6,1597,Kochi,UPI
1341,2026-04-08,Bala Kumar,Webcam,Accessories,6,8066,Madurai,UPI
1342,2026-01-22,Karthik Shankar,Smartphone,Electronics,1,62945,Erode,Debit Card
1343,2026-03-17,Prakash Reddy,Smartphone,Electronics,1,27924,Salem,Credit Card
1344,2026-02-01,Ramesh Kumar,Keyboard,Accessories,1,2427,Trichy,Credit Card
1345,2026-08-20,Santhosh Krishnan,Speaker,Accessories,2,14171,Coimbatore,Debit Card
1346,2026-09-05,Bala Shankar,Smartwatch,Electronics,6,9323,Vijayawada,UPI
1347,2026-09-19,Sanjay Singh,Webcam,Accessories,1,3077,Trichy,Debit Card
1348,2026-11-03,Ramesh Raj,Printer,Electronics,1,12546,Thanjavur,UPI
1349,2026-03-26,Ajay Babu,Speaker,Accessories,5,9087,Salem,Credit Card
1350,2026-09-25,Manoj Babu,USB Hub,Accessories,5,1733,Bangalore,UPI
1351,2026-02-09,Naveen Rao,Tablet,Electronics,1,12282,Madurai,UPI
1352,2026-06-25,Rahul Raj,Laptop,Electronics,4,68551,Thanjavur,UPI
1353,2026-01-12,Ramesh Nathan,External Hard Disk,Electronics,3,11009,Thanjavur,Debit Card
1354,2026-08-11,Suresh Das,Laptop,Electronics,4,46283,Thanjavur,UPI
1355,2026-07-15,Ravi Kumar,Power Bank,Accessories,2,2360,Erode,Credit Card
1356,2026-05-14,Ajay Babu,Speaker,Accessories,2,1226,Mumbai,Credit Card
1357,2026-08-01,Dinesh Nathan,Printer,Electronics,1,26374,Salem,Debit Card
1358,2026-06-12,Arun Raj,Tablet,Electronics,2,32215,Hyderabad,Cash
1359,2026-10-06,Surya Nathan,Tablet,Electronics,1,17433,Madurai,Credit Card
1360,2026-09-05,Kumar Singh,Webcam,Accessories,1,7549,Pondicherry,Debit Card
1361,2026-09-04,Arun Krishnan,Keyboard,Accessories,6,4919,Trichy,UPI
1362,2026-05-23,Santhosh Reddy,Tablet,Electronics,2,34424,Coimbatore,UPI
1363,2026-02-08,Hari Babu,Headphones,Accessories,2,9379,Erode,Credit Card
1364,2026-09-08,Arun Reddy,SSD,Electronics,1,4638,Thanjavur,Debit Card
1365,2026-11-24,Hari Babu,Power Bank,Accessories,1,3397,Vijayawada,UPI
1366,2026-09-27,Rahul Krishnan,External Hard Disk,Electronics,2,14596,Tiruppur,Net Banking
1367,2026-10-02,Hari Singh,Keyboard,Accessories,6,4878,Erode,Credit Card
1368,2026-05-04,Ajay Rao,SSD,Electronics,4,15481,Trichy,Debit Card
1369,2026-11-13,Suresh Raj,Tablet,Electronics,2,16493,Hyderabad,UPI
1370,2026-11-04,Arun Krishnan,External Hard Disk,Electronics,6,15059,Erode,Credit Card
1371,2026-03-09,Ajay Babu,Headphones,Accessories,1,11773,Pondicherry,Credit Card
1372,2026-06-07,Mohan Kumar,Printer,Electronics,3,26582,Pondicherry,Debit Card
1373,2026-12-23,Karthik Babu,External Hard Disk,Electronics,1,5992,Mumbai,Debit Card
1374,2026-02-04,Ajay Babu,Headphones,Accessories,6,4716,Chennai,UPI
1375,2026-11-28,Santhosh Krishnan,Laptop,Electronics,5,68852,Madurai,UPI
1376,2026-08-20,Sanjay Reddy,USB Hub,Accessories,6,1158,Coimbatore,Debit Card
1377,2026-11-07,Ramesh Babu,Smartwatch,Electronics,6,6240,Trichy,UPI
1378,2026-12-08,Vignesh Singh,Smartwatch,Electronics,3,16911,Pondicherry,Cash
1379,2026-09-19,Rahul Prasad,Smartphone,Electronics,4,57752,Madurai,UPI
1380,2026-12-28,Rahul Singh,Laptop,Electronics,3,49378,Chennai,Debit Card
1381,2026-08-25,Rahul Singh,SSD,Electronics,1,16654,Hyderabad,UPI
1382,2026-07-09,Hari Kumar,SSD,Electronics,3,13788,Salem,UPI
1383,2026-09-02,Prakash Raj,Webcam,Accessories,1,6197,Chennai,UPI
1384,2026-12-10,Ajay Nathan,Speaker,Accessories,3,11621,Coimbatore,UPI
1385,2026-02-10,Prakash Prasad,Laptop,Electronics,5,80634,Trichy,Debit Card
1386,2026-06-17,Hari Kumar,Power Bank,Accessories,1,2156,Pondicherry,Credit Card
1387,2026-10-28,Vignesh Kumar,Monitor,Electronics,5,30516,Tiruppur,Cash
1388,2026-06-07,Hari Prasad,Speaker,Accessories,2,5615,Kochi,Credit Card
1389,2026-11-20,Naveen Shankar,Laptop,Electronics,2,68377,Vijayawada,Credit Card
1390,2026-03-25,Ramesh Krishnan,Smartwatch,Electronics,1,17320,Chennai,UPI
1391,2026-09-15,Ajay Prasad,Speaker,Accessories,1,3702,Kochi,Debit Card
1392,2026-07-29,Vignesh Das,Smartphone,Electronics,1,25058,Mumbai,Cash
1393,2026-06-04,Ravi Babu,Printer,Electronics,4,20851,Coimbatore,Cash
1394,2026-03-22,Rahul Shankar,Keyboard,Accessories,1,4121,Erode,UPI
1395,2026-12-23,Santhosh Das,Tablet,Electronics,1,36364,Coimbatore,Credit Card
1396,2026-04-17,Suresh Raj,USB Hub,Accessories,6,1931,Bangalore,UPI
1397,2026-01-30,Suresh Das,SSD,Electronics,4,5620,Pondicherry,UPI
1398,2026-03-04,Dinesh Nathan,Tablet,Electronics,1,25467,Trichy,UPI
1399,2026-06-16,Vijay Kumar,Speaker,Accessories,6,2141,Bangalore,UPI
1400,2026-11-17,Karthik Krishnan,Headphones,Accessories,4,4467,Chennai,Cash
1401,2026-05-06,Ravi Rao,Tablet,Electronics,1,14011,Thanjavur,UPI
1402,2026-07-23,Mohan Babu,Keyboard,Accessories,2,1629,Madurai,Debit Card
1403,2026-12-10,Naveen Raj,Smartwatch,Electronics,1,4400,Thanjavur,Debit Card
1404,2026-12-29,Hari Reddy,SSD,Electronics,2,11333,Thanjavur,UPI
1405,2026-01-30,Santhosh Raj,Smartphone,Electronics,3,29138,Tiruppur,Cash
1406,2026-03-28,Karthik Singh,SSD,Electronics,2,9813,Madurai,Debit Card
1407,2026-05-06,Vignesh Rao,Webcam,Accessories,6,3916,Hyderabad,UPI
1408,2026-11-01,Karthik Nathan,Keyboard,Accessories,2,3840,Kochi,Debit Card
1409,2026-02-11,Ramesh Singh,Keyboard,Accessories,2,3090,Bangalore,UPI
1410,2026-10-27,Hari Raj,Tablet,Electronics,1,12340,Thanjavur,Debit Card
1411,2026-05-19,Ravi Shankar,Tablet,Electronics,1,42654,Hyderabad,UPI
1412,2026-08-02,Naveen Krishnan,Laptop,Electronics,1,65219,Erode,Credit Card
1413,2026-04-11,Karthik Kumar,Tablet,Electronics,2,30951,Hyderabad,Cash
1414,2026-06-22,Surya Reddy,USB Hub,Accessories,2,2389,Pondicherry,UPI
1415,2026-07-03,Karthik Kumar,Keyboard,Accessories,4,1175,Hyderabad,Debit Card
1416,2026-10-31,Ramesh Das,Speaker,Accessories,3,1882,Pondicherry,Debit Card
1417,2026-07-22,Arun Krishnan,Keyboard,Accessories,4,2310,Erode,UPI
1418,2026-06-24,Naveen Singh,Laptop,Electronics,1,48802,Hyderabad,Credit Card
1419,2026-12-03,Vignesh Kumar,Tablet,Electronics,6,28499,Chennai,UPI
1420,2026-11-21,Suresh Singh,Monitor,Electronics,1,15742,Kochi,Net Banking
1421,2026-12-15,Naveen Reddy,SSD,Electronics,4,6267,Madurai,Credit Card
1422,2026-06-18,Dinesh Shankar,Keyboard,Accessories,2,2699,Salem,Credit Card
1423,2026-01-19,Santhosh Singh,External Hard Disk,Electronics,6,12401,Bangalore,Debit Card
1424,2026-03-06,Prakash Singh,Laptop,Electronics,5,56590,Hyderabad,Credit Card
1425,2026-07-07,Rahul Krishnan,Laptop,Electronics,2,65620,Erode,Credit Card
1426,2026-09-22,Rahul Prasad,Smartwatch,Electronics,1,12933,Bangalore,UPI
1427,2026-09-16,Ravi Krishnan,Smartwatch,Electronics,3,3598,Vijayawada,Credit Card
1428,2026-12-24,Ramesh Rao,SSD,Electronics,1,5592,Bangalore,UPI
1429,2026-01-13,Kumar Das,Mouse,Accessories,1,2769,Salem,UPI
1430,2026-02-24,Hari Krishnan,Webcam,Accessories,1,4451,Thanjavur,UPI
1431,2026-06-07,Bala Nathan,Mouse,Accessories,2,2768,Coimbatore,UPI
1432,2026-01-23,Bala Prasad,Tablet,Electronics,2,35864,Vijayawada,Debit Card
1433,2026-06-09,Sanjay Babu,Smartwatch,Electronics,5,4089,Bangalore,UPI
1434,2026-01-30,Santhosh Reddy,Webcam,Accessories,2,9744,Hyderabad,UPI
1435,2026-10-17,Dinesh Prasad,Mouse,Accessories,5,1889,Bangalore,Credit Card
1436,2026-08-29,Bala Nathan,USB Hub,Accessories,6,2239,Tiruppur,Credit Card
1437,2026-03-29,Bala Prasad,Smartphone,Electronics,3,41917,Bangalore,Debit Card
1438,2026-03-06,Surya Nathan,Keyboard,Accessories,2,1588,Thanjavur,UPI
1439,2026-06-26,Vignesh Singh,Power Bank,Accessories,1,1618,Madurai,UPI
1440,2026-08-05,Arun Rao,Webcam,Accessories,1,7861,Salem,Debit Card
1441,2026-01-24,Vignesh Raj,USB Hub,Accessories,4,734,Pondicherry,UPI
1442,2026-12-06,Ajay Raj,Smartwatch,Electronics,6,12321,Mumbai,Debit Card
1443,2026-01-28,Mohan Prasad,Headphones,Accessories,1,2324,Erode,Debit Card
1444,2026-01-13,Ajay Prasad,Smartphone,Electronics,1,20355,Bangalore,Debit Card
1445,2026-11-06,Ajay Reddy,Smartwatch,Electronics,1,15436,Salem,Debit Card
1446,2026-08-04,Vignesh Shankar,Smartwatch,Electronics,4,11888,Salem,Debit Card
1447,2026-01-28,Dinesh Raj,Smartphone,Electronics,1,64131,Salem,Debit Card
1448,2026-02-18,Ravi Nathan,Laptop,Electronics,2,78002,Madurai,Credit Card
1449,2026-09-15,Suresh Krishnan,Headphones,Accessories,2,4948,Madurai,Credit Card
1450,2026-01-17,Ravi Reddy,External Hard Disk,Electronics,1,12588,Pondicherry,Debit Card
1451,2026-12-06,Suresh Kumar,Monitor,Electronics,6,33315,Trichy,Credit Card
1452,2026-06-30,Dinesh Rao,USB Hub,Accessories,1,2651,Tiruppur,Credit Card
1453,2026-08-12,Karthik Reddy,External Hard Disk,Electronics,6,14389,Coimbatore,UPI
1454,2026-05-15,Dinesh Rao,Mouse,Accessories,4,3203,Hyderabad,Credit Card
1455,2026-02-28,Rahul Reddy,Printer,Electronics,5,19512,Hyderabad,Cash
1456,2026-07-24,Kumar Shankar,SSD,Electronics,6,5704,Pondicherry,Debit Card
1457,2026-04-29,Rahul Nathan,Speaker,Accessories,2,14913,Coimbatore,Debit Card
1458,2026-08-21,Santhosh Reddy,Smartwatch,Electronics,1,14094,Chennai,UPI
1459,2026-10-28,Manoj Rao,Webcam,Accessories,4,1525,Mumbai,UPI
1460,2026-11-17,Surya Rao,Headphones,Accessories,5,6302,Chennai,Cash
1461,2026-06-23,Santhosh Nathan,Keyboard,Accessories,5,2423,Bangalore,Debit Card
1462,2026-09-05,Ajay Rao,Smartphone,Electronics,2,20939,Madurai,UPI
1463,2026-10-21,Hari Raj,Keyboard,Accessories,1,3483,Vijayawada,Credit Card
1464,2026-08-23,Suresh Krishnan,Smartphone,Electronics,1,52853,Pondicherry,Credit Card
1465,2026-06-18,Dinesh Reddy,Power Bank,Accessories,1,2346,Hyderabad,Cash
1466,2026-03-30,Surya Raj,Monitor,Electronics,6,13451,Bangalore,Debit Card
1467,2026-09-17,Naveen Das,Mouse,Accessories,3,1285,Pondicherry,Credit Card
1468,2026-09-02,Surya Rao,Power Bank,Accessories,1,2096,Bangalore,Net Banking
1469,2026-02-08,Vijay Kumar,Monitor,Electronics,5,18717,Chennai,UPI
1470,2026-03-15,Dinesh Nathan,Monitor,Electronics,1,30357,Hyderabad,UPI
1471,2026-02-24,Rahul Shankar,Webcam,Accessories,2,3717,Salem,Credit Card
1472,2026-08-16,Ravi Das,Keyboard,Accessories,2,3636,Erode,UPI
1473,2026-04-03,Arun Nathan,Mouse,Accessories,1,1922,Trichy,UPI
1474,2026-04-23,Ravi Singh,Smartwatch,Electronics,2,3128,Trichy,Debit Card
1475,2026-12-15,Vignesh Babu,External Hard Disk,Electronics,1,8869,Hyderabad,Debit Card
1476,2026-04-26,Vignesh Babu,Smartphone,Electronics,2,30417,Trichy,Debit Card
1477,2026-07-12,Karthik Das,Power Bank,Accessories,6,5000,Chennai,UPI
1478,2026-09-13,Vijay Raj,Monitor,Electronics,6,27164,Thanjavur,Debit Card
1479,2026-04-19,Ramesh Singh,Headphones,Accessories,1,11721,Pondicherry,UPI
1480,2026-05-12,Rahul Raj,Mouse,Accessories,4,2601,Trichy,Debit Card
1481,2026-05-27,Rahul Nathan,USB Hub,Accessories,1,720,Trichy,UPI
1482,2026-09-28,Vijay Das,External Hard Disk,Electronics,6,9070,Mumbai,Debit Card
1483,2026-01-24,Vijay Shankar,Tablet,Electronics,5,26270,Salem,Debit Card
1484,2026-12-31,Sanjay Prasad,Tablet,Electronics,1,39056,Coimbatore,UPI
1485,2026-11-09,Suresh Raj,Headphones,Accessories,6,2024,Tiruppur,UPI
1486,2026-12-08,Ravi Singh,Mouse,Accessories,3,611,Hyderabad,Net Banking
1487,2026-12-09,Ajay Raj,Keyboard,Accessories,1,3498,Tiruppur,UPI
1488,2026-07-25,Mohan Rao,External Hard Disk,Electronics,2,11180,Erode,UPI
1489,2026-01-22,Prakash Krishnan,Power Bank,Accessories,3,4611,Coimbatore,Debit Card
1490,2026-02-01,Manoj Das,Monitor,Electronics,1,32847,Thanjavur,UPI
1491,2026-08-02,Surya Das,External Hard Disk,Electronics,6,13668,Erode,UPI
1492,2026-08-29,Karthik Reddy,Smartwatch,Electronics,6,8254,Chennai,Credit Card
1493,2026-09-28,Kumar Krishnan,Tablet,Electronics,2,22728,Trichy,Debit Card
1494,2026-03-22,Prakash Nathan,Laptop,Electronics,4,58689,Bangalore,Credit Card
1495,2026-12-06,Suresh Reddy,SSD,Electronics,6,8760,Hyderabad,UPI
1496,2026-07-11,Mohan Prasad,Laptop,Electronics,1,70675,Chennai,UPI
1497,2026-12-05,Vijay Shankar,Speaker,Accessories,2,2567,Thanjavur,Credit Card
1498,2026-08-04,Kumar Prasad,Monitor,Electronics,1,25677,Thanjavur,Debit Card
1499,2026-12-05,Bala Krishnan,Keyboard,Accessories,6,1692,Coimbatore,Debit Card
1500,2026-05-27,Vignesh Singh,Power Bank,Accessories,3,1799,Pondicherry,UPI
1500,2026-05-27,Vignesh Singh,Power Bank,Accessories,3,1799,Pondicherry,UPI
1502,2026-04-24,Hari Krishnan,Printer,Electronics,2,17758,Trichy,Cash
1503,2026-04-23,Rahul Kumar,Smartphone,Electronics,2,52327,Pondicherry,UPI
1504,2026-04-07,Bala Reddy,Power Bank,Accessories,2,939,Coimbatore,Credit Card
1505,2026-01-19,Arun Shankar,External Hard Disk,Electronics,2,10761,Madurai,UPI
1506,2026-07-01,Arun Babu,Smartphone,Electronics,4,40027,Trichy,Debit Card
1507,2026-12-04,Sanjay Krishnan,External Hard Disk,Electronics,4,16166,Tiruppur,Cash
1508,2026-11-21,Suresh Das,Monitor,Electronics,1,18561,Pondicherry,UPI
1509,2026-09-23,Bala Prasad,Headphones,Accessories,1,5002,Bangalore,Debit Card
1510,2026-06-03,Suresh Reddy,Smartphone,Electronics,5,25825,Thanjavur,Debit Card
1511,2026-03-25,Sanjay Singh,Power Bank,Accessories,3,3400,Mumbai,Debit Card
1512,2026-07-26,Ravi Reddy,External Hard Disk,Electronics,2,7349,Thanjavur,Debit Card
1513,2026-03-06,Kumar Babu,Laptop,Electronics,3,81963,Mumbai,UPI
1514,2026-09-05,Ramesh Raj,Speaker,Accessories,2,5757,Madurai,Debit Card
1515,2026-10-28,Arun Kumar,External Hard Disk,Electronics,6,10624,Hyderabad,Cash
1516,2026-03-14,Arun Das,Printer,Electronics,2,7082,Kochi,Debit Card
1517,2026-10-10,Manoj Shankar,Keyboard,Accessories,3,3404,Madurai,UPI
1518,2026-04-03,Santhosh Babu,Smartwatch,Electronics,2,9794,Thanjavur,Credit Card
1519,2026-02-10,Bala Rao,Speaker,Accessories,1,14559,Tiruppur,Credit Card
1520,2026-05-31,Bala Raj,SSD,Electronics,5,13778,Hyderabad,UPI
1521,2026-10-26,Hari Raj,USB Hub,Accessories,1,2540,Bangalore,UPI
1522,2026-01-16,Arun Rao,SSD,Electronics,1,14702,Bangalore,UPI
1523,2026-11-15,Ramesh Babu,Mouse,Accessories,1,1973,Kochi,Credit Card
1524,2026-06-28,Hari Krishnan,Tablet,Electronics,3,43552,Vijayawada,UPI
1525,2026-10-11,Prakash Kumar,Printer,Electronics,3,15024,Chennai,Cash
1526,2026-12-29,Kumar Das,Printer,Electronics,1,19855,Thanjavur,Credit Card
1527,2026-02-06,Naveen Rao,Speaker,Accessories,5,11659,Pondicherry,UPI
1528,2026-08-02,Vignesh Babu,USB Hub,Accessories,3,1662,Trichy,UPI
1529,2026-01-03,Arun Prasad,Keyboard,Accessories,5,3978,Vijayawada,UPI
1530,2026-05-13,Suresh Raj,Printer,Electronics,1,8637,Chennai,UPI
1531,2026-03-24,Santhosh Babu,Headphones,Accessories,1,3868,Mumbai,Credit Card
1532,2026-06-02,Manoj Prasad,Laptop,Electronics,2,47187,Coimbatore,Credit Card
1533,2026-10-29,Vignesh Prasad,Speaker,Accessories,2,4927,Trichy,Cash
1534,2026-08-01,Prakash Kumar,Smartwatch,Electronics,1,15101,Kochi,UPI
1535,2026-09-18,Ajay Reddy,Tablet,Electronics,1,12661,Tiruppur,Cash
1536,2026-08-02,Ravi Nathan,Webcam,Accessories,4,9643,Erode,UPI
1537,2026-04-22,Hari Babu,Headphones,Accessories,4,3900,Trichy,UPI
1538,2026-05-14,Kumar Raj,Mouse,Accessories,5,996,Pondicherry,Debit Card
1539,2026-05-02,Surya Das,Keyboard,Accessories,3,1420,Tiruppur,Debit Card
1540,2026-01-28,Ajay Das,Tablet,Electronics,2,41345,Thanjavur,UPI
1541,2026-03-13,Santhosh Krishnan,Mouse,Accessories,3,546,Thanjavur,Debit Card
1542,2026-06-24,Ravi Das,USB Hub,Accessories,1,518,Tiruppur,UPI
1543,2026-04-03,Vignesh Reddy,Smartphone,Electronics,1,20618,Kochi,Debit Card
1544,2026-09-26,Bala Prasad,Headphones,Accessories,4,3887,Coimbatore,Credit Card
1545,2026-11-05,Bala Prasad,Tablet,Electronics,4,42009,Chennai,UPI
1546,2026-10-09,Santhosh Raj,Laptop,Electronics,6,77130,Pondicherry,Cash
1547,2026-03-27,Arun Nathan,Keyboard,Accessories,6,3379,Erode,Debit Card
1548,2026-05-27,Hari Singh,Tablet,Electronics,3,41894,Bangalore,UPI
1549,2026-08-20,Hari Nathan,USB Hub,Accessories,1,638,Bangalore,Cash
1550,2026-12-26,Suresh Nathan,Smartphone,Electronics,5,17581,Hyderabad,Credit Card
1551,2026-11-18,Vignesh Shankar,Smartwatch,Electronics,6,13812,Kochi,Credit Card
1552,2026-12-05,Manoj Singh,USB Hub,Accessories,2,2483,Mumbai,UPI
1553,2026-05-02,Sanjay Rao,Monitor,Electronics,4,30010,Thanjavur,Cash
1554,2026-12-14,Bala Nathan,External Hard Disk,Electronics,1,13777,Pondicherry,UPI
1555,2026-09-07,Rahul Nathan,Monitor,Electronics,6,34531,Tiruppur,Credit Card
1556,2026-12-21,Sanjay Kumar,SSD,Electronics,4,13195,Coimbatore,UPI
1557,2026-08-03,Ajay Reddy,Webcam,Accessories,4,4663,Mumbai,UPI
1558,2026-03-03,Karthik Raj,Speaker,Accessories,2,1489,Tiruppur,UPI
1559,2026-02-28,Rahul Krishnan,SSD,Electronics,3,6075,Erode,UPI
1560,2026-10-27,Dinesh Das,Power Bank,Accessories,1,2429,Thanjavur,UPI
1561,2026-10-06,Ramesh Das,Laptop,Electronics,1,51539,Bangalore,Cash
1562,2026-06-15,Santhosh Singh,Laptop,Electronics,3,55744,Mumbai,Debit Card
1563,2026-10-05,Vijay Prasad,Laptop,Electronics,2,45922,Tiruppur,Debit Card
1564,2026-12-06,Suresh Krishnan,USB Hub,Accessories,2,2314,Tiruppur,Debit Card
1565,2026-04-06,Suresh Raj,Webcam,Accessories,1,5248,Mumbai,Credit Card
1566,2026-08-05,Naveen Reddy,Webcam,Accessories,5,3337,Salem,UPI
1567,2026-03-18,Prakash Krishnan,Monitor,Electronics,5,32476,Madurai,UPI
1568,2026-10-03,Suresh Rao,Monitor,Electronics,1,25589,Pondicherry,UPI
1569,2026-10-18,Ravi Kumar,USB Hub,Accessories,1,864,Hyderabad,Cash
1570,2026-10-18,Surya Raj,Headphones,Accessories,1,10341,Madurai,UPI
1571,2026-07-02,Bala Babu,External Hard Disk,Electronics,5,12805,Thanjavur,UPI
1572,2026-01-25,Manoj Singh,Tablet,Electronics,2,44596,Hyderabad,Net Banking
1573,2026-10-03,Surya Nathan,USB Hub,Accessories,1,2621,Mumbai,Credit Card
1574,2026-02-20,Karthik Rao,Power Bank,Accessories,1,3387,Coimbatore,Net Banking
1575,2026-06-15,Manoj Babu,Smartwatch,Electronics,3,7732,Erode,Debit Card
1576,2026-03-16,Naveen Krishnan,Power Bank,Accessories,1,4026,Coimbatore,Debit Card
1577,2026-12-05,Ajay Reddy,Mouse,Accessories,6,970,Chennai,Debit Card
1578,2026-08-02,Rahul Reddy,Smartwatch,Electronics,1,4178,Bangalore,Debit Card
1579,2026-02-28,Naveen Kumar,SSD,Electronics,1,15167,Thanjavur,Debit Card
1580,2026-06-05,Suresh Singh,Monitor,Electronics,3,12627,Salem,Cash
1581,2026-11-18,Bala Reddy,SSD,Electronics,1,12496,Hyderabad,UPI
1582,2026-05-30,Rahul Rao,Power Bank,Accessories,5,3723,Hyderabad,UPI
1583,2026-05-24,Sanjay Babu,Monitor,Electronics,1,29119,Vijayawada,Debit Card
1584,2026-06-28,Ajay Singh,Mouse,Accessories,5,1343,Hyderabad,UPI
1585,2026-08-10,Rahul Raj,Laptop,Electronics,4,60160,Vijayawada,UPI
1586,2026-09-30,Dinesh Kumar,Mouse,Accessories,2,2054,Tiruppur,Cash
1587,2026-10-17,Prakash Das,Tablet,Electronics,1,34449,Thanjavur,Debit Card
1588,2026-05-06,Ravi Raj,Keyboard,Accessories,5,3855,Erode,Net Banking
1589,2026-04-20,Rahul Rao,Monitor,Electronics,5,9942,Salem,UPI
1590,2026-05-05,Bala Babu,Monitor,Electronics,4,19803,Kochi,UPI
1591,2026-10-05,Suresh Krishnan,Headphones,Accessories,3,6657,Bangalore,Credit Card
1592,2026-12-21,Rahul Krishnan,Power Bank,Accessories,2,2089,Pondicherry,UPI
1593,2026-08-11,Arun Prasad,External Hard Disk,Electronics,4,7716,Tiruppur,Credit Card
1594,2026-10-05,Kumar Nathan,Speaker,Accessories,2,7327,Kochi,UPI
1595,2026-09-28,Bala Das,Smartphone,Electronics,1,60991,Trichy,Credit Card
1596,2026-08-07,Sanjay Das,Laptop,Electronics,6,65519,Coimbatore,Debit Card
1597,2026-08-15,Prakash Nathan,Printer,Electronics,3,24618,Bangalore,UPI
1598,2026-08-17,Rahul Kumar,Mouse,Accessories,2,586,Madurai,Debit Card
1599,2026-10-08,Prakash Krishnan,Printer,Electronics,3,29523,Kochi,Debit Card
1600,2026-08-25,Ravi Singh,Keyboard,Accessories,3,919,Madurai,Credit Card
1601,2026-01-06,Rahul Nathan,Keyboard,Accessories,3,2994,Vijayawada,UPI
1602,2026-11-11,Dinesh Kumar,Speaker,Accessories,1,1698,Kochi,Credit Card
1603,2026-09-07,Ajay Raj,External Hard Disk,Electronics,2,7916,Hyderabad,UPI
1604,2026-10-03,Manoj Shankar,Keyboard,Accessories,2,3386,Hyderabad,Credit Card
1605,2026-02-27,Santhosh Kumar,Keyboard,Accessories,2,4668,Salem,Cash
1606,2026-11-11,Rahul Krishnan,SSD,Electronics,4,15449,Tiruppur,Credit Card
1607,2026-01-02,Mohan Prasad,SSD,Electronics,4,13212,Madurai,UPI
1608,2026-09-26,Naveen Shankar,Laptop,Electronics,4,73684,Thanjavur,UPI
1609,2026-04-26,Rahul Singh,Headphones,Accessories,4,8192,Erode,Debit Card
1610,2026-11-04,Arun Nathan,Webcam,Accessories,2,8569,Erode,Credit Card
1611,2026-10-15,Mohan Nathan,Laptop,Electronics,1,58409,Pondicherry,Credit Card
1612,2026-06-04,Rahul Krishnan,External Hard Disk,Electronics,6,9548,Vijayawada,Debit Card
1613,2026-04-13,Ramesh Rao,Power Bank,Accessories,5,3913,Thanjavur,Debit Card
1614,2026-02-25,Rahul Prasad,Laptop,Electronics,2,48924,Madurai,UPI
1615,2026-07-19,Ramesh Reddy,Keyboard,Accessories,2,1192,Erode,UPI
1616,2026-03-04,Ramesh Shankar,Tablet,Electronics,5,39796,Salem,Cash
1617,2026-04-29,Kumar Reddy,Webcam,Accessories,1,2551,Coimbatore,Cash
1618,2026-06-13,Bala Rao,Smartwatch,Electronics,3,13981,Tiruppur,Debit Card
1619,2026-07-07,Vijay Prasad,Speaker,Accessories,1,4176,Vijayawada,Credit Card
1620,2026-10-11,Rahul Krishnan,Webcam,Accessories,1,7369,Chennai,UPI
1621,2026-07-27,Rahul Krishnan,Monitor,Electronics,1,30987,Bangalore,Cash
1622,2026-05-22,Dinesh Krishnan,Webcam,Accessories,6,1683,Kochi,UPI
1623,2026-10-09,Manoj Nathan,Smartphone,Electronics,1,16273,Hyderabad,Credit Card
1624,2026-10-10,Karthik Singh,Speaker,Accessories,1,9002,Chennai,UPI
1625,2026-05-20,Naveen Babu,Webcam,Accessories,6,7805,Trichy,UPI
1626,2026-05-29,Kumar Singh,Mouse,Accessories,1,1669,Erode,Credit Card
1627,2026-10-21,Arun Babu,Smartwatch,Electronics,3,16280,Kochi,Debit Card
1628,2026-10-04,Hari Nathan,Speaker,Accessories,2,1974,Salem,UPI
1629,2026-04-01,Surya Prasad,Headphones,Accessories,3,3872,Bangalore,UPI
1630,2026-08-30,Ravi Krishnan,Tablet,Electronics,3,21878,Tiruppur,UPI
1631,2026-08-25,Karthik Das,Laptop,Electronics,5,49298,Coimbatore,Debit Card
1632,2026-02-28,Karthik Nathan,Monitor,Electronics,3,28316,Bangalore,Credit Card
1633,2026-03-31,Dinesh Prasad,Webcam,Accessories,1,7398,Kochi,Debit Card
1634,2026-08-11,Ajay Prasad,USB Hub,Accessories,3,1231,Tiruppur,UPI
1635,2026-03-17,Sanjay Nathan,USB Hub,Accessories,1,1770,Chennai,Debit Card
1636,2026-09-06,Arun Kumar,Monitor,Electronics,2,18350,Tiruppur,UPI
1637,2026-07-27,Suresh Singh,Headphones,Accessories,1,5317,Salem,UPI
1638,2026-03-19,Suresh Kumar,Laptop,Electronics,1,53848,Kochi,Credit Card
1639,2026-10-10,Santhosh Reddy,External Hard Disk,Electronics,5,16208,Kochi,Debit Card
1640,2026-02-27,Suresh Raj,Headphones,Accessories,5,10475,Chennai,UPI
1641,2026-07-17,Sanjay Reddy,Smartphone,Electronics,2,32369,Thanjavur,Debit Card
1642,2026-02-13,Hari Prasad,Smartphone,Electronics,2,54696,Trichy,Debit Card
1643,2026-04-10,Ramesh Babu,USB Hub,Accessories,1,2966,Mumbai,UPI
1644,2026-12-29,Bala Prasad,Webcam,Accessories,5,8024,Bangalore,UPI
1645,2026-08-27,Hari Raj,Smartwatch,Electronics,3,17661,Vijayawada,UPI
1646,2026-10-14,Vignesh Shankar,Power Bank,Accessories,2,2107,Mumbai,UPI
1647,2026-09-21,Vignesh Shankar,Monitor,Electronics,6,11558,Trichy,Cash
1648,2026-05-26,Manoj Reddy,Tablet,Electronics,4,31229,Bangalore,Debit Card
1649,2026-06-22,Kumar Rao,SSD,Electronics,4,10215,Trichy,Credit Card
1650,2026-04-03,Hari Babu,Keyboard,Accessories,5,2357,Trichy,Debit Card
1651,2026-04-06,Rahul Das,Speaker,Accessories,1,13046,Erode,UPI
1652,2026-05-19,Ravi Das,Smartwatch,Electronics,3,5171,Thanjavur,Net Banking
1653,2026-08-02,Ajay Singh,Smartwatch,Electronics,2,13588,Salem,Credit Card
1654,2026-09-24,Mohan Prasad,Keyboard,Accessories,1,4751,Kochi,Net Banking
1655,2026-01-18,Hari Kumar,Tablet,Electronics,6,14123,Chennai,UPI
1656,2026-02-16,Ramesh Raj,Printer,Electronics,4,20001,Hyderabad,Debit Card
1657,2026-01-25,Kumar Krishnan,External Hard Disk,Electronics,6,7471,Tiruppur,Cash
1658,2026-11-30,Ajay Nathan,Printer,Electronics,4,13782,Mumbai,Debit Card
1659,2026-08-02,Surya Raj,Smartphone,Electronics,1,53346,Kochi,UPI
1660,2026-08-31,Surya Kumar,Laptop,Electronics,1,70553,Bangalore,Credit Card
1661,2026-03-17,Santhosh Das,Power Bank,Accessories,3,1230,Pondicherry,UPI
1662,2026-09-20,Santhosh Krishnan,Mouse,Accessories,3,3089,Trichy,Debit Card
1663,2026-10-19,Bala Krishnan,Monitor,Electronics,1,21374,Coimbatore,UPI
1664,2026-05-31,Santhosh Raj,Speaker,Accessories,2,3843,Vijayawada,Credit Card
1665,2026-08-16,Karthik Singh,SSD,Electronics,2,6695,Vijayawada,Debit Card
1666,2026-11-07,Karthik Rao,SSD,Electronics,2,7659,Hyderabad,Debit Card
1667,2026-08-12,Vijay Shankar,Printer,Electronics,3,11926,Bangalore,UPI
1668,2026-11-14,Kumar Rao,Smartwatch,Electronics,1,7066,Madurai,UPI
1669,2026-11-25,Santhosh Babu,Keyboard,Accessories,2,4719,Trichy,UPI
1670,2026-10-15,Sanjay Nathan,Keyboard,Accessories,3,4106,Hyderabad,UPI
1671,2026-10-05,Surya Raj,Headphones,Accessories,2,11270,Tiruppur,UPI
1672,2026-04-05,Ajay Das,Webcam,Accessories,1,7429,Trichy,UPI
1673,2026-10-15,Ramesh Raj,Speaker,Accessories,1,11680,Bangalore,UPI
1674,2026-09-02,Bala Prasad,Speaker,Accessories,1,7337,Thanjavur,UPI
1675,2026-11-02,Vijay Prasad,Power Bank,Accessories,4,1140,Pondicherry,UPI
1676,2026-04-16,Manoj Prasad,Laptop,Electronics,1,82422,Salem,Debit Card
1677,2026-01-12,Vignesh Singh,Tablet,Electronics,5,19498,Mumbai,Debit Card
1678,2026-11-12,Bala Shankar,Laptop,Electronics,3,48009,Madurai,UPI
1679,2026-08-13,Manoj Krishnan,Keyboard,Accessories,6,1143,Kochi,Debit Card
1680,2026-07-04,Mohan Reddy,Keyboard,Accessories,2,1969,Hyderabad,Credit Card
1681,2026-03-14,Kumar Krishnan,Power Bank,Accessories,6,3009,Pondicherry,UPI
1682,2026-02-08,Mohan Babu,Speaker,Accessories,6,4809,Pondicherry,Credit Card
1683,2026-03-19,Kumar Nathan,Tablet,Electronics,2,25210,Bangalore,UPI
1684,2026-04-20,Prakash Krishnan,Webcam,Accessories,2,3672,Vijayawada,Credit Card
1685,2026-02-05,Dinesh Reddy,Monitor,Electronics,1,13247,Kochi,UPI
1686,2026-05-28,Arun Babu,External Hard Disk,Electronics,2,9035,Bangalore,Debit Card
1687,2026-08-19,Rahul Singh,Mouse,Accessories,2,3108,Vijayawada,Credit Card
1688,2026-06-18,Prakash Kumar,Laptop,Electronics,4,63748,Madurai,Cash
1689,2026-04-14,Sanjay Prasad,Smartphone,Electronics,2,58116,Thanjavur,UPI
1690,2026-03-24,Ravi Kumar,Power Bank,Accessories,1,2068,Vijayawada,UPI
1691,2026-05-13,Sanjay Singh,Mouse,Accessories,5,2698,Erode,Debit Card
1692,2026-08-07,Vignesh Raj,USB Hub,Accessories,6,2485,Erode,UPI
1693,2026-12-10,Prakash Reddy,Laptop,Electronics,2,52754,Thanjavur,Debit Card
1694,2026-07-12,Hari Singh,Speaker,Accessories,1,12795,Tiruppur,Debit Card
1695,2026-01-08,Sanjay Reddy,Laptop,Electronics,1,74377,Kochi,Debit Card
1696,2026-04-19,Dinesh Babu,Laptop,Electronics,1,72332,Hyderabad,Credit Card
1697,2026-06-22,Ramesh Reddy,Smartwatch,Electronics,1,6585,Thanjavur,UPI
1698,2026-12-31,Sanjay Raj,Webcam,Accessories,6,2999,Madurai,UPI
1699,2026-08-28,Manoj Das,Monitor,Electronics,2,19463,Mumbai,Debit Card
1700,2026-09-25,Prakash Singh,Power Bank,Accessories,6,3599,Trichy,UPI
1701,2026-08-18,Surya Singh,Speaker,Accessories,3,3657,Chennai,Debit Card
1702,2026-02-21,Rahul Rao,Laptop,Electronics,1,58543,Madurai,Cash
1703,2026-12-24,Dinesh Das,Mouse,Accessories,4,2344,Vijayawada,UPI
1704,2026-03-29,Hari Raj,Tablet,Electronics,2,33924,Erode,Net Banking
1705,2026-09-17,Sanjay Reddy,SSD,Electronics,3,7137,Thanjavur,Cash
1706,2026-01-28,Vignesh Prasad,Mouse,Accessories,3,2424,Thanjavur,Net Banking
1707,2026-06-13,Ramesh Kumar,Speaker,Accessories,6,10269,Vijayawada,UPI
1708,2026-04-03,Mohan Babu,External Hard Disk,Electronics,1,15702,Kochi,UPI
1709,2026-02-16,Suresh Das,Monitor,Electronics,6,8946,Coimbatore,UPI
1710,2026-10-05,Manoj Prasad,Smartwatch,Electronics,3,13850,Chennai,Cash
1711,2026-08-18,Mohan Shankar,Printer,Electronics,6,7390,Thanjavur,UPI
1712,2026-05-12,Kumar Babu,Laptop,Electronics,2,78979,Thanjavur,Debit Card
1713,2026-07-08,Naveen Nathan,Smartwatch,Electronics,1,12810,Mumbai,UPI
1714,2026-05-03,Naveen Babu,Monitor,Electronics,1,26723,Thanjavur,Debit Card
1715,2026-02-16,Mohan Singh,External Hard Disk,Electronics,6,9775,Thanjavur,UPI
1716,2026-02-08,Prakash Das,Smartwatch,Electronics,2,16340,Erode,Credit Card
1717,2026-01-18,Kumar Babu,External Hard Disk,Electronics,3,11870,Tiruppur,UPI
1718,2026-03-11,Vignesh Reddy,Mouse,Accessories,1,2830,Pondicherry,UPI
1719,2026-01-30,Naveen Raj,Keyboard,Accessories,1,1824,Erode,Cash
1720,2026-09-03,Prakash Nathan,Speaker,Accessories,2,10739,Coimbatore,UPI
1721,2026-06-29,Santhosh Shankar,SSD,Electronics,1,12438,Trichy,UPI
1722,2026-07-29,Prakash Rao,Keyboard,Accessories,1,3006,Pondicherry,Credit Card
1723,2026-04-08,Naveen Babu,Speaker,Accessories,1,5675,Kochi,UPI
1724,2026-08-12,Mohan Prasad,Smartphone,Electronics,3,41025,Pondicherry,UPI
1725,2026-07-16,Karthik Prasad,Laptop,Electronics,6,82292,Tiruppur,UPI
1726,2026-05-03,Santhosh Prasad,Power Bank,Accessories,4,1689,Mumbai,UPI
1727,2026-03-18,Santhosh Reddy,Webcam,Accessories,1,7015,Kochi,Debit Card
1728,2026-06-28,Sanjay Babu,Monitor,Electronics,5,28470,Coimbatore,UPI
1729,2026-01-09,Vignesh Singh,Monitor,Electronics,4,19279,Pondicherry,UPI
1730,2026-04-12,Santhosh Prasad,Headphones,Accessories,6,7670,Bangalore,UPI
1731,2026-09-23,Dinesh Kumar,Monitor,Electronics,1,22308,Thanjavur,Debit Card
1732,2026-07-07,Naveen Nathan,Monitor,Electronics,5,27824,Tiruppur,Credit Card
1733,2026-01-25,Surya Reddy,External Hard Disk,Electronics,6,13111,Bangalore,Cash
1734,2026-06-04,Ramesh Krishnan,Power Bank,Accessories,1,4315,Erode,UPI
1735,2026-11-19,Hari Nathan,Smartwatch,Electronics,1,9735,Tiruppur,Debit Card
1736,2026-01-25,Vignesh Raj,Monitor,Electronics,4,27037,Hyderabad,UPI
1737,2026-10-28,Manoj Prasad,USB Hub,Accessories,1,1589,Bangalore,UPI
1738,2026-02-04,Surya Singh,Webcam,Accessories,1,3284,Trichy,UPI
1739,2026-02-20,Ajay Kumar,External Hard Disk,Electronics,3,14143,Thanjavur,Net Banking
1740,2026-08-08,Dinesh Prasad,Mouse,Accessories,5,2273,Pondicherry,Credit Card
1741,2026-02-06,Sanjay Kumar,Laptop,Electronics,1,58851,Tiruppur,Cash
1742,2026-11-29,Mohan Reddy,USB Hub,Accessories,1,1691,Vijayawada,Debit Card
1743,2026-08-24,Ravi Krishnan,Keyboard,Accessories,3,4779,Trichy,Cash
1744,2026-05-14,Ajay Kumar,Headphones,Accessories,5,7240,Trichy,UPI
1745,2026-05-26,Vignesh Rao,Mouse,Accessories,4,1775,Trichy,UPI
1746,2026-03-29,Vignesh Shankar,Headphones,Accessories,6,6214,Mumbai,Credit Card
1747,2026-12-13,Mohan Babu,Tablet,Electronics,4,13073,Madurai,UPI
1748,2026-12-09,Rahul Kumar,Headphones,Accessories,6,9166,Hyderabad,UPI
1749,2026-01-25,Ajay Shankar,Headphones,Accessories,1,9419,Tiruppur,UPI
1750,2026-05-22,Suresh Rao,Keyboard,Accessories,6,3297,Bangalore,Cash
1751,2026-01-19,Arun Krishnan,Mouse,Accessories,2,1778,Bangalore,Credit Card
1752,2026-06-02,Ravi Kumar,Smartwatch,Electronics,5,16560,Kochi,Debit Card
1753,2026-08-09,Mohan Shankar,External Hard Disk,Electronics,1,17132,Mumbai,Credit Card
1754,2026-02-11,Ajay Kumar,Printer,Electronics,3,12618,Mumbai,UPI
1755,2026-12-11,Naveen Shankar,Webcam,Accessories,5,2962,Kochi,Debit Card
1756,2026-02-08,Mohan Rao,Headphones,Accessories,3,8216,Tiruppur,Credit Card
1757,2026-01-15,Sanjay Nathan,Printer,Electronics,2,28435,Hyderabad,Debit Card
1758,2026-09-29,Vijay Kumar,Printer,Electronics,6,13297,Mumbai,Debit Card
1759,2026-04-21,Sanjay Shankar,Headphones,Accessories,4,4532,Bangalore,Credit Card
1760,2026-04-27,Ravi Nathan,Smartwatch,Electronics,6,15819,Thanjavur,UPI
1761,2026-03-15,Vignesh Raj,SSD,Electronics,2,7971,Pondicherry,Credit Card
1762,2026-11-16,Prakash Krishnan,Smartwatch,Electronics,4,13893,Trichy,UPI
1763,2026-08-24,Naveen Babu,SSD,Electronics,1,5744,Trichy,UPI
1764,2026-03-11,Prakash Das,Smartphone,Electronics,6,18084,Mumbai,UPI
1765,2026-08-02,Karthik Singh,Smartphone,Electronics,3,30187,Thanjavur,UPI
1766,2026-02-04,Vijay Nathan,External Hard Disk,Electronics,5,7932,Trichy,UPI
1767,2026-05-24,Bala Nathan,Tablet,Electronics,3,43186,Madurai,UPI
1768,2026-03-24,Mohan Babu,Monitor,Electronics,1,17947,Tiruppur,Debit Card
1769,2026-01-06,Vijay Nathan,SSD,Electronics,4,14285,Salem,UPI
1770,2026-11-27,Bala Krishnan,Keyboard,Accessories,6,2162,Tiruppur,UPI
1771,2026-06-15,Ravi Rao,External Hard Disk,Electronics,1,13999,Kochi,UPI
1772,2026-11-24,Prakash Rao,Speaker,Accessories,2,5661,Mumbai,Cash
1773,2026-11-08,Arun Krishnan,Keyboard,Accessories,4,2344,Madurai,UPI
1774,2026-01-07,Vignesh Krishnan,Power Bank,Accessories,1,4629,Thanjavur,Cash
1775,2026-11-27,Ajay Rao,Keyboard,Accessories,4,4967,Tiruppur,Debit Card
1776,2026-07-28,Ajay Rao,Smartphone,Electronics,2,49980,Mumbai,Credit Card
1777,2026-01-24,Sanjay Kumar,Tablet,Electronics,2,20802,Hyderabad,UPI
1778,2026-01-27,Santhosh Reddy,Smartphone,Electronics,3,20454,Bangalore,Debit Card
1779,2026-12-20,Santhosh Nathan,Monitor,Electronics,1,29181,Salem,Net Banking
1780,2026-02-03,Vignesh Kumar,SSD,Electronics,2,16540,Vijayawada,UPI
1781,2026-07-11,Naveen Reddy,External Hard Disk,Electronics,6,11765,Kochi,UPI
1782,2026-09-02,Sanjay Raj,External Hard Disk,Electronics,5,17761,Madurai,UPI
1783,2026-05-10,Bala Das,Smartphone,Electronics,1,24130,Hyderabad,Debit Card
1784,2026-11-21,Prakash Nathan,Smartphone,Electronics,3,25832,Coimbatore,Cash
1785,2026-07-16,Rahul Nathan,Tablet,Electronics,6,39812,Tiruppur,UPI
1786,2026-06-06,Kumar Prasad,Printer,Electronics,2,14509,Madurai,Credit Card
1787,2026-01-01,Arun Kumar,Laptop,Electronics,1,71950,Salem,UPI
1788,2026-02-01,Surya Rao,SSD,Electronics,1,10950,Chennai,Credit Card
1789,2026-03-28,Suresh Shankar,Printer,Electronics,4,14867,Bangalore,UPI
1790,2026-04-23,Naveen Reddy,Monitor,Electronics,1,22348,Coimbatore,Debit Card
1791,2026-07-01,Naveen Prasad,SSD,Electronics,1,16890,Mumbai,UPI
1792,2026-05-26,Prakash Krishnan,Smartphone,Electronics,2,57818,Tiruppur,Debit Card
1793,2026-11-01,Arun Babu,Keyboard,Accessories,3,4277,Hyderabad,Credit Card
1794,2026-09-08,Hari Nathan,SSD,Electronics,2,6021,Pondicherry,Cash
1795,2026-11-24,Sanjay Krishnan,Monitor,Electronics,1,19461,Chennai,Cash
1796,2026-03-24,Santhosh Prasad,Laptop,Electronics,5,54599,Madurai,Debit Card
1797,2026-05-06,Surya Babu,Mouse,Accessories,1,973,Kochi,Credit Card
1798,2026-09-04,Mohan Shankar,Speaker,Accessories,1,7080,Tiruppur,UPI
1799,2026-10-05,Santhosh Krishnan,External Hard Disk,Electronics,4,17772,Mumbai,Debit Card
1800,2026-11-04,Ravi Shankar,Tablet,Electronics,6,38081,Coimbatore,Debit Card
1801,2026-10-04,Arun Rao,Headphones,Accessories,1,1378,Coimbatore,UPI
1802,2026-03-15,Arun Babu,Power Bank,Accessories,3,3695,Thanjavur,UPI
1803,2026-11-23,Dinesh Raj,Power Bank,Accessories,4,4262,Pondicherry,UPI
1804,2026-04-06,Hari Prasad,External Hard Disk,Electronics,2,9825,Mumbai,Credit Card
1805,2026-05-30,Dinesh Reddy,Smartphone,Electronics,1,29820,Erode,Debit Card
1806,2026-02-14,Suresh Singh,Keyboard,Accessories,2,3829,Chennai,UPI
1807,2026-10-09,Dinesh Rao,Speaker,Accessories,4,4918,Chennai,UPI
1808,2026-02-24,Karthik Shankar,SSD,Electronics,4,12395,Tiruppur,UPI
1809,2026-12-09,Ravi Singh,Mouse,Accessories,3,1757,Kochi,UPI
1810,2026-04-15,Naveen Rao,Printer,Electronics,6,17754,Chennai,Debit Card
1811,2026-03-31,Manoj Prasad,Smartwatch,Electronics,3,5674,Bangalore,Debit Card
1812,2026-11-03,Ramesh Das,Headphones,Accessories,1,11513,Pondicherry,Debit Card
1813,2026-05-10,Naveen Das,Printer,Electronics,1,10565,Hyderabad,Debit Card
1814,2026-03-15,Arun Rao,SSD,Electronics,6,10882,Erode,Debit Card
1815,2026-04-30,Ajay Krishnan,Power Bank,Accessories,2,4037,Chennai,UPI
1816,2026-12-03,Ajay Babu,Headphones,Accessories,6,4401,Chennai,UPI
1817,2026-05-29,Surya Raj,External Hard Disk,Electronics,5,7501,Bangalore,Cash
1818,2026-04-11,Manoj Babu,Monitor,Electronics,1,10321,Kochi,UPI
1819,2026-02-16,Vijay Shankar,Printer,Electronics,1,7156,Thanjavur,UPI
1820,2026-01-26,Ramesh Das,SSD,Electronics,2,13986,Erode,Debit Card
1821,2026-10-25,Ravi Shankar,External Hard Disk,Electronics,1,10981,Mumbai,Debit Card
1822,2026-02-18,Ravi Rao,Laptop,Electronics,1,72454,Trichy,Credit Card
1823,2026-07-08,Prakash Babu,Monitor,Electronics,2,15011,Madurai,UPI
1824,2026-07-19,Mohan Das,Laptop,Electronics,6,68817,Kochi,Debit Card
1825,2026-06-03,Ajay Rao,Keyboard,Accessories,2,3842,Tiruppur,Debit Card
1826,2026-03-09,Ravi Babu,Laptop,Electronics,6,62107,Kochi,UPI
1827,2026-09-26,Dinesh Kumar,Smartphone,Electronics,1,40739,Vijayawada,UPI
1828,2026-03-07,Mohan Babu,Smartphone,Electronics,2,22067,Tiruppur,Net Banking
1829,2026-10-03,Kumar Babu,USB Hub,Accessories,4,2851,Thanjavur,Cash
1830,2026-06-11,Vijay Singh,Mouse,Accessories,5,1935,Pondicherry,Debit Card
1831,2026-05-03,Naveen Babu,Keyboard,Accessories,2,977,Madurai,Debit Card
1832,2026-09-19,Mohan Singh,Tablet,Electronics,5,17190,Hyderabad,Credit Card
1833,2026-03-10,Prakash Rao,Power Bank,Accessories,2,1615,Thanjavur,UPI
1834,2026-09-28,Karthik Nathan,Tablet,Electronics,2,12534,Mumbai,UPI
1835,2026-11-24,Surya Reddy,Laptop,Electronics,2,46172,Tiruppur,Debit Card
1836,2026-05-20,Hari Das,Tablet,Electronics,4,36054,Madurai,Debit Card
1837,2026-05-25,Manoj Das,External Hard Disk,Electronics,1,7740,Mumbai,UPI
1838,2026-07-16,Vijay Shankar,Tablet,Electronics,1,42825,Mumbai,Cash
1839,2026-09-24,Rahul Singh,Laptop,Electronics,1,78541,Erode,Debit Card
1840,2026-08-16,Surya Raj,Printer,Electronics,1,9567,Tiruppur,Credit Card
1841,2026-08-30,Manoj Reddy,Monitor,Electronics,2,31004,Coimbatore,Credit Card
1842,2026-05-09,Prakash Nathan,Webcam,Accessories,1,8498,Tiruppur,Credit Card
1843,2026-05-25,Manoj Prasad,Keyboard,Accessories,3,3303,Mumbai,Credit Card
1844,2026-09-05,Rahul Raj,Monitor,Electronics,1,23479,Madurai,Debit Card
1845,2026-01-18,Arun Rao,External Hard Disk,Electronics,4,6507,Salem,Credit Card
1846,2026-10-09,Manoj Das,Smartwatch,Electronics,6,9847,Erode,UPI
1847,2026-10-14,Rahul Prasad,Smartphone,Electronics,6,56139,Trichy,UPI
1848,2026-03-25,Karthik Shankar,Headphones,Accessories,1,8272,Mumbai,Credit Card
1849,2026-03-13,Hari Krishnan,SSD,Electronics,3,7997,Kochi,Cash
1850,2026-07-13,Bala Rao,Headphones,Accessories,4,9827,Tiruppur,Debit Card
1851,2026-07-29,Manoj Singh,Laptop,Electronics,5,61195,Coimbatore,UPI
1852,2026-05-20,Mohan Kumar,Speaker,Accessories,4,14562,Salem,UPI
1853,2026-07-01,Mohan Raj,Printer,Electronics,5,27536,Kochi,UPI
1854,2026-04-18,Dinesh Shankar,Tablet,Electronics,5,21465,Pondicherry,Debit Card
1855,2026-03-29,Prakash Das,Headphones,Accessories,3,6292,Pondicherry,UPI
1856,2026-11-26,Karthik Raj,Monitor,Electronics,6,19022,Hyderabad,Debit Card
1857,2026-05-07,Manoj Krishnan,Headphones,Accessories,1,1854,Trichy,Credit Card
1858,2026-04-18,Vijay Rao,Tablet,Electronics,2,39200,Tiruppur,Cash
1859,2026-08-07,Vignesh Kumar,Mouse,Accessories,2,2943,Trichy,UPI
1860,2026-12-28,Mohan Raj,Mouse,Accessories,2,1015,Erode,UPI
1861,2026-08-08,Mohan Kumar,Speaker,Accessories,2,9447,Erode,Debit Card
1862,2026-08-14,Ravi Raj,Keyboard,Accessories,2,4465,Kochi,UPI
1863,2026-02-25,Arun Prasad,SSD,Electronics,3,6383,Erode,Credit Card
1864,2026-08-09,Santhosh Raj,Tablet,Electronics,6,35205,Mumbai,UPI
1865,2026-10-19,Naveen Krishnan,Speaker,Accessories,3,11243,Erode,UPI
1866,2026-05-26,Ajay Raj,Smartphone,Electronics,2,42586,Thanjavur,Cash
1867,2026-12-15,Ajay Babu,USB Hub,Accessories,6,725,Erode,UPI
1868,2026-01-01,Kumar Das,Smartphone,Electronics,2,26332,Trichy,Debit Card
1869,2026-03-31,Manoj Reddy,Laptop,Electronics,5,73333,Chennai,UPI
1870,2026-07-18,Ajay Babu,Mouse,Accessories,3,832,Trichy,UPI
1871,2026-02-17,Santhosh Krishnan,Monitor,Electronics,5,24630,Mumbai,Debit Card
1872,2026-01-27,Mohan Nathan,Mouse,Accessories,5,1088,Hyderabad,Cash
1873,2026-04-24,Bala Reddy,External Hard Disk,Electronics,2,5206,Erode,Net Banking
1874,2026-12-09,Vijay Das,Webcam,Accessories,1,2834,Madurai,Debit Card
1875,2026-02-06,Santhosh Kumar,USB Hub,Accessories,4,664,Kochi,Debit Card
1876,2026-11-04,Vijay Babu,SSD,Electronics,1,9849,Mumbai,Debit Card
1877,2026-02-03,Vijay Rao,Mouse,Accessories,6,2875,Bangalore,UPI
1878,2026-01-10,Prakash Raj,Speaker,Accessories,6,13236,Madurai,UPI
1879,2026-01-30,Prakash Raj,Tablet,Electronics,2,29264,Coimbatore,UPI
1880,2026-06-15,Sanjay Krishnan,Laptop,Electronics,2,80897,Thanjavur,UPI
1881,2026-10-19,Arun Rao,Smartwatch,Electronics,1,16657,Tiruppur,UPI
1882,2026-08-07,Arun Prasad,USB Hub,Accessories,3,2348,Coimbatore,Cash
1883,2026-07-01,Sanjay Reddy,Monitor,Electronics,4,11443,Erode,Cash
1884,2026-02-26,Santhosh Reddy,Monitor,Electronics,2,21841,Kochi,Credit Card
1885,2026-08-15,Manoj Raj,Laptop,Electronics,1,62794,Erode,UPI
1886,2026-06-21,Sanjay Babu,Printer,Electronics,3,27460,Kochi,Credit Card
1887,2026-03-28,Suresh Singh,Monitor,Electronics,4,30486,Erode,UPI
1888,2026-07-10,Prakash Reddy,Smartphone,Electronics,1,37738,Tiruppur,Net Banking
1889,2026-03-04,Santhosh Shankar,Smartwatch,Electronics,6,11732,Vijayawada,Debit Card
1890,2026-02-08,Prakash Kumar,Laptop,Electronics,2,66969,Hyderabad,UPI
1891,2026-08-04,Karthik Babu,Smartwatch,Electronics,3,6492,Kochi,UPI
1892,2026-01-17,Ramesh Shankar,Tablet,Electronics,5,33560,Vijayawada,Credit Card
1893,2026-09-28,Santhosh Nathan,Tablet,Electronics,4,33120,Pondicherry,Debit Card
1894,2026-11-17,Ramesh Babu,SSD,Electronics,1,5249,Coimbatore,UPI
1895,2026-08-08,Naveen Rao,Laptop,Electronics,4,47939,Bangalore,Debit Card
1896,2026-02-07,Kumar Prasad,Laptop,Electronics,1,71183,Thanjavur,UPI
1897,2026-03-23,Ramesh Singh,Power Bank,Accessories,6,2078,Coimbatore,Debit Card
1898,2026-07-23,Sanjay Nathan,External Hard Disk,Electronics,2,10810,Bangalore,Debit Card
1899,2026-03-09,Suresh Prasad,Keyboard,Accessories,4,1103,Salem,UPI
1900,2026-05-13,Dinesh Das,Mouse,Accessories,6,1774,Pondicherry,UPI
1901,2026-11-14,Vijay Prasad,Keyboard,Accessories,4,2764,Erode,Credit Card
1902,2026-02-14,Kumar Reddy,Webcam,Accessories,4,1618,Tiruppur,UPI
1903,2026-01-03,Karthik Shankar,Smartphone,Electronics,3,22857,Madurai,Debit Card
1904,2026-01-07,Dinesh Kumar,Tablet,Electronics,1,28892,Kochi,Debit Card
1905,2026-05-14,Bala Babu,Smartwatch,Electronics,4,9243,Mumbai,UPI
1906,2026-01-24,Ramesh Raj,Speaker,Accessories,6,14004,Madurai,Net Banking
1907,2026-06-25,Karthik Krishnan,Power Bank,Accessories,1,3171,Madurai,UPI
1908,2026-10-29,Vignesh Babu,Monitor,Electronics,6,19559,Vijayawada,UPI
1909,2026-12-03,Bala Singh,Keyboard,Accessories,1,2467,Erode,Net Banking
1910,2026-01-22,Sanjay Rao,SSD,Electronics,2,11757,Thanjavur,Credit Card
1911,2026-01-13,Prakash Prasad,Tablet,Electronics,5,26419,Erode,UPI
1912,2026-02-09,Arun Nathan,SSD,Electronics,5,8565,Madurai,Debit Card
1913,2026-01-11,Karthik Das,SSD,Electronics,1,7854,Vijayawada,Cash
1914,2026-01-31,Ravi Krishnan,Monitor,Electronics,2,18401,Thanjavur,UPI
1915,2026-08-14,Ajay Babu,SSD,Electronics,1,4593,Bangalore,UPI
1916,2026-11-22,Bala Rao,Webcam,Accessories,4,3074,Kochi,UPI
1917,2026-12-06,Kumar Reddy,External Hard Disk,Electronics,3,5689,Erode,UPI
1918,2026-10-16,Bala Babu,Laptop,Electronics,5,73324,Madurai,Credit Card
1919,2026-10-20,Suresh Reddy,Headphones,Accessories,4,4033,Vijayawada,Debit Card
1920,2026-12-24,Arun Reddy,Speaker,Accessories,1,9278,Mumbai,Debit Card
1921,2026-04-02,Karthik Prasad,Smartphone,Electronics,6,51303,Coimbatore,UPI
1922,2026-05-08,Vignesh Rao,Smartwatch,Electronics,5,16670,Trichy,UPI
1923,2026-08-12,Kumar Raj,Headphones,Accessories,3,3700,Tiruppur,Debit Card
1924,2026-09-17,Ramesh Prasad,Tablet,Electronics,6,36127,Vijayawada,UPI
1925,2026-07-22,Suresh Das,SSD,Electronics,2,9740,Thanjavur,UPI
1926,2026-04-21,Vijay Rao,Mouse,Accessories,3,465,Bangalore,Credit Card
1927,2026-03-25,Surya Reddy,USB Hub,Accessories,1,780,Mumbai,UPI
1928,2026-09-22,Manoj Raj,Smartphone,Electronics,1,44163,Bangalore,Debit Card
1929,2026-06-26,Bala Reddy,Keyboard,Accessories,1,1201,Mumbai,Debit Card
1930,2026-03-13,Suresh Das,External Hard Disk,Electronics,2,7552,Coimbatore,UPI
1931,2026-02-16,Karthik Singh,Power Bank,Accessories,1,4527,Kochi,UPI
1932,2026-07-05,Suresh Das,Mouse,Accessories,2,837,Vijayawada,UPI
1933,2026-04-27,Rahul Kumar,External Hard Disk,Electronics,6,9051,Trichy,UPI
1934,2026-02-27,Sanjay Krishnan,Headphones,Accessories,5,3182,Vijayawada,UPI
1935,2026-03-21,Manoj Reddy,Printer,Electronics,6,22965,Hyderabad,UPI
1936,2026-04-03,Ajay Krishnan,Keyboard,Accessories,2,1538,Madurai,UPI
1937,2026-04-01,Ajay Nathan,Keyboard,Accessories,2,2972,Salem,Net Banking
1938,2026-08-03,Surya Krishnan,SSD,Electronics,1,5340,Kochi,Debit Card
1939,2026-01-25,Hari Shankar,Mouse,Accessories,2,3320,Erode,Credit Card
1940,2026-06-02,Manoj Babu,Laptop,Electronics,4,68369,Madurai,UPI
1941,2026-03-23,Kumar Das,Keyboard,Accessories,3,1264,Trichy,Credit Card
1942,2026-07-31,Prakash Krishnan,Keyboard,Accessories,2,3151,Chennai,UPI
1943,2026-02-15,Ajay Singh,Power Bank,Accessories,1,4349,Trichy,UPI
1944,2026-01-24,Manoj Singh,Keyboard,Accessories,1,3283,Pondicherry,UPI
1945,2026-09-24,Mohan Nathan,Monitor,Electronics,1,23566,Chennai,Credit Card
1946,2026-03-16,Karthik Singh,Tablet,Electronics,2,29706,Bangalore,Net Banking
1947,2026-02-08,Prakash Rao,Printer,Electronics,1,22574,Mumbai,UPI
1948,2026-05-12,Mohan Shankar,Laptop,Electronics,1,67372,Hyderabad,Debit Card
1949,2026-02-05,Ravi Reddy,Smartwatch,Electronics,1,5759,Erode,Debit Card
1950,2026-01-22,Karthik Singh,Speaker,Accessories,1,2600,Salem,Debit Card
1951,2026-03-09,Vijay Babu,Smartwatch,Electronics,2,17016,Hyderabad,UPI
1952,2026-04-10,Kumar Raj,Smartphone,Electronics,1,52777,Pondicherry,Debit Card
1953,2026-03-14,Bala Singh,Mouse,Accessories,3,1001,Vijayawada,UPI
1954,2026-12-19,Hari Rao,Smartphone,Electronics,2,35655,Mumbai,UPI
1955,2026-10-24,Kumar Singh,Speaker,Accessories,1,11195,Mumbai,Credit Card
1956,2026-01-12,Prakash Prasad,Smartphone,Electronics,2,35619,Mumbai,Debit Card
1957,2026-05-17,Vignesh Das,Speaker,Accessories,1,14380,Chennai,UPI
1958,2026-05-23,Naveen Nathan,Smartwatch,Electronics,1,16844,Madurai,Credit Card
1959,2026-06-21,Naveen Nathan,SSD,Electronics,2,13821,Trichy,UPI
1960,2026-12-28,Manoj Reddy,External Hard Disk,Electronics,1,8657,Bangalore,Cash
1961,2026-12-19,Vignesh Babu,Smartwatch,Electronics,6,9641,Pondicherry,UPI
1962,2026-03-10,Karthik Reddy,Monitor,Electronics,1,30763,Kochi,Net Banking
1963,2026-07-04,Dinesh Singh,Laptop,Electronics,1,79929,Kochi,UPI
1964,2026-01-25,Ravi Babu,Speaker,Accessories,1,13349,Mumbai,UPI
1965,2026-09-03,Ajay Shankar,Webcam,Accessories,1,1970,Erode,Debit Card
1966,2026-02-27,Naveen Raj,USB Hub,Accessories,1,2899,Tiruppur,Credit Card
1967,2026-09-12,Karthik Prasad,Monitor,Electronics,6,15329,Madurai,Debit Card
1968,2026-07-07,Suresh Rao,Tablet,Electronics,1,14073,Tiruppur,Cash
1969,2026-04-10,Naveen Raj,Webcam,Accessories,1,8629,Salem,UPI
1970,2026-09-12,Naveen Rao,Webcam,Accessories,3,9366,Kochi,UPI
1971,2026-04-25,Santhosh Nathan,Monitor,Electronics,1,29304,Hyderabad,Credit Card
1972,2026-08-03,Rahul Singh,Tablet,Electronics,2,18862,Thanjavur,UPI
1973,2026-06-16,Naveen Das,Speaker,Accessories,1,11111,Pondicherry,Credit Card
1974,2026-05-15,Mohan Prasad,Tablet,Electronics,2,20558,Tiruppur,UPI
1975,2026-10-09,Karthik Kumar,Monitor,Electronics,2,18345,Coimbatore,UPI
1976,2026-01-18,Arun Rao,SSD,Electronics,1,9238,Bangalore,UPI
1977,2026-08-29,Mohan Kumar,Speaker,Accessories,4,3976,Madurai,UPI
1978,2026-05-26,Manoj Krishnan,Keyboard,Accessories,1,1377,Thanjavur,Credit Card
1979,2026-09-03,Suresh Reddy,Webcam,Accessories,1,3282,Madurai,Debit Card
1980,2026-04-14,Ramesh Prasad,Webcam,Accessories,1,5481,Bangalore,Cash
1981,2026-09-26,Ajay Babu,Headphones,Accessories,6,10809,Bangalore,Credit Card
1982,2026-11-22,Manoj Krishnan,Smartphone,Electronics,1,33562,Trichy,UPI
1983,2026-11-25,Naveen Prasad,Laptop,Electronics,1,47370,Hyderabad,Net Banking
1984,2026-05-09,Vijay Raj,Tablet,Electronics,6,18749,Thanjavur,UPI
1985,2026-05-10,Vignesh Nathan,SSD,Electronics,1,9143,Coimbatore,UPI
1986,2026-11-10,Vijay Rao,Monitor,Electronics,1,34005,Vijayawada,Credit Card
1987,2026-07-11,Mohan Das,Keyboard,Accessories,6,998,Mumbai,UPI
1988,2026-10-09,Ramesh Krishnan,Mouse,Accessories,1,2613,Kochi,UPI
1989,2026-12-12,Ravi Reddy,External Hard Disk,Electronics,6,5960,Bangalore,UPI
1990,2026-10-10,Arun Raj,Mouse,Accessories,2,1160,Tiruppur,UPI
1991,2026-05-07,Vignesh Kumar,Mouse,Accessories,2,1963,Thanjavur,UPI
1992,2026-09-05,Prakash Shankar,Smartwatch,Electronics,1,2575,Vijayawada,Credit Card
1993,2026-04-09,Surya Raj,External Hard Disk,Electronics,2,4892,Thanjavur,UPI
1994,2026-04-25,Hari Raj,Monitor,Electronics,1,30950,Pondicherry,Debit Card
1995,2026-04-15,Kumar Krishnan,Power Bank,Accessories,4,2200,Thanjavur,Cash
1996,2026-12-15,Sanjay Raj,Mouse,Accessories,2,1812,Hyderabad,Debit Card
1997,2026-01-26,Kumar Nathan,Keyboard,Accessories,2,2733,Madurai,UPI
1998,2026-02-17,Vignesh Singh,Tablet,Electronics,1,16868,Erode,UPI
1999,2026-06-24,Prakash Nathan,Tablet,Electronics,2,14017,Madurai,Credit Card
2000,2026-04-14,Karthik Krishnan,Headphones,Accessories,2,2638,Madurai,Credit Card
